BEGIN;
SET client_min_messages = warning;

-- groups (bays)
INSERT INTO groups(id,kind,name,code,tagline,accent) VALUES ('robotics','bay','Robotics Bay','RBT','Rovers · arms · drones','cyan');
INSERT INTO groups(id,kind,name,code,tagline,accent) VALUES ('compute','bay','Compute Core','CMP','Workstations · edge · brains','amber');
INSERT INTO groups(id,kind,name,code,tagline,accent) VALUES ('network','bay','Network Ops','NET','Gateways · radios · eyes','cyan');
INSERT INTO groups(id,kind,name,code,tagline,accent) VALUES ('home','bay','Home Systems','HOME','Automation · climate · power','amber');
INSERT INTO groups(id,kind,name,code,tagline,accent) VALUES ('audio','bay','Audio Lab','AUD','Transducers · signal chain','cyan');

-- tags
INSERT INTO tags(namespace,name,label) VALUES ('tag','rover','rover') ON CONFLICT (namespace,name) DO NOTHING;
INSERT INTO tags(namespace,name,label) VALUES ('tag','flagship','flagship') ON CONFLICT (namespace,name) DO NOTHING;
INSERT INTO tags(namespace,name,label) VALUES ('tag','waveshare','waveshare') ON CONFLICT (namespace,name) DO NOTHING;
INSERT INTO tags(namespace,name,label) VALUES ('tag','acce','acce') ON CONFLICT (namespace,name) DO NOTHING;
INSERT INTO tags(namespace,name,label) VALUES ('tag','ros2','ros2') ON CONFLICT (namespace,name) DO NOTHING;
INSERT INTO tags(namespace,name,label) VALUES ('tag','cutover','cutover') ON CONFLICT (namespace,name) DO NOTHING;
INSERT INTO tags(namespace,name,label) VALUES ('class','Tracked ROS2 Rover','Tracked ROS2 Rover') ON CONFLICT (namespace,name) DO NOTHING;
INSERT INTO tags(namespace,name,label) VALUES ('tag','camera','camera') ON CONFLICT (namespace,name) DO NOTHING;
INSERT INTO tags(namespace,name,label) VALUES ('tag','depth','depth') ON CONFLICT (namespace,name) DO NOTHING;
INSERT INTO tags(namespace,name,label) VALUES ('tag','oak','oak') ON CONFLICT (namespace,name) DO NOTHING;
INSERT INTO tags(namespace,name,label) VALUES ('tag','beast','beast') ON CONFLICT (namespace,name) DO NOTHING;
INSERT INTO tags(namespace,name,label) VALUES ('class','RGB-D Camera','RGB-D Camera') ON CONFLICT (namespace,name) DO NOTHING;
INSERT INTO tags(namespace,name,label) VALUES ('tag','lidar','lidar') ON CONFLICT (namespace,name) DO NOTHING;
INSERT INTO tags(namespace,name,label) VALUES ('tag','dtof','dtof') ON CONFLICT (namespace,name) DO NOTHING;
INSERT INTO tags(namespace,name,label) VALUES ('tag','mapping','mapping') ON CONFLICT (namespace,name) DO NOTHING;
INSERT INTO tags(namespace,name,label) VALUES ('class','2D LiDAR','2D LiDAR') ON CONFLICT (namespace,name) DO NOTHING;
INSERT INTO tags(namespace,name,label) VALUES ('tag','power','power') ON CONFLICT (namespace,name) DO NOTHING;
INSERT INTO tags(namespace,name,label) VALUES ('tag','ups','ups') ON CONFLICT (namespace,name) DO NOTHING;
INSERT INTO tags(namespace,name,label) VALUES ('class','Power Module','Power Module') ON CONFLICT (namespace,name) DO NOTHING;
INSERT INTO tags(namespace,name,label) VALUES ('tag','controller','controller') ON CONFLICT (namespace,name) DO NOTHING;
INSERT INTO tags(namespace,name,label) VALUES ('tag','esp32','esp32') ON CONFLICT (namespace,name) DO NOTHING;
INSERT INTO tags(namespace,name,label) VALUES ('class','Robot Controller Board','Robot Controller Board') ON CONFLICT (namespace,name) DO NOTHING;
INSERT INTO tags(namespace,name,label) VALUES ('tag','placeholder','placeholder') ON CONFLICT (namespace,name) DO NOTHING;
INSERT INTO tags(namespace,name,label) VALUES ('tag','expansion','expansion') ON CONFLICT (namespace,name) DO NOTHING;
INSERT INTO tags(namespace,name,label) VALUES ('class','Unassigned bay','Unassigned bay') ON CONFLICT (namespace,name) DO NOTHING;
INSERT INTO tags(namespace,name,label) VALUES ('tag','blackwell','blackwell') ON CONFLICT (namespace,name) DO NOTHING;
INSERT INTO tags(namespace,name,label) VALUES ('tag','5090','5090') ON CONFLICT (namespace,name) DO NOTHING;
INSERT INTO tags(namespace,name,label) VALUES ('tag','workstation','workstation') ON CONFLICT (namespace,name) DO NOTHING;
INSERT INTO tags(namespace,name,label) VALUES ('tag','cuda','cuda') ON CONFLICT (namespace,name) DO NOTHING;
INSERT INTO tags(namespace,name,label) VALUES ('class','Workstation · Off-board Brain','Workstation · Off-board Brain') ON CONFLICT (namespace,name) DO NOTHING;
INSERT INTO tags(namespace,name,label) VALUES ('tag','pi','pi') ON CONFLICT (namespace,name) DO NOTHING;
INSERT INTO tags(namespace,name,label) VALUES ('tag','sbc','sbc') ON CONFLICT (namespace,name) DO NOTHING;
INSERT INTO tags(namespace,name,label) VALUES ('tag','spare','spare') ON CONFLICT (namespace,name) DO NOTHING;
INSERT INTO tags(namespace,name,label) VALUES ('class','SBC · Onboard I/O','SBC · Onboard I/O') ON CONFLICT (namespace,name) DO NOTHING;
INSERT INTO tags(namespace,name,label) VALUES ('tag','jetson','jetson') ON CONFLICT (namespace,name) DO NOTHING;
INSERT INTO tags(namespace,name,label) VALUES ('tag','orin','orin') ON CONFLICT (namespace,name) DO NOTHING;
INSERT INTO tags(namespace,name,label) VALUES ('tag','ampere','ampere') ON CONFLICT (namespace,name) DO NOTHING;
INSERT INTO tags(namespace,name,label) VALUES ('tag','edge-ai','edge-ai') ON CONFLICT (namespace,name) DO NOTHING;
INSERT INTO tags(namespace,name,label) VALUES ('class','Edge AI Module','Edge AI Module') ON CONFLICT (namespace,name) DO NOTHING;
INSERT INTO tags(namespace,name,label) VALUES ('tag','thor','thor') ON CONFLICT (namespace,name) DO NOTHING;
INSERT INTO tags(namespace,name,label) VALUES ('tag','industrial','industrial') ON CONFLICT (namespace,name) DO NOTHING;
INSERT INTO tags(namespace,name,label) VALUES ('class','Edge AI — Industrial Tier','Edge AI — Industrial Tier') ON CONFLICT (namespace,name) DO NOTHING;
INSERT INTO tags(namespace,name,label) VALUES ('tag','unifi','unifi') ON CONFLICT (namespace,name) DO NOTHING;
INSERT INTO tags(namespace,name,label) VALUES ('tag','gateway','gateway') ON CONFLICT (namespace,name) DO NOTHING;
INSERT INTO tags(namespace,name,label) VALUES ('tag','homelab','homelab') ON CONFLICT (namespace,name) DO NOTHING;
INSERT INTO tags(namespace,name,label) VALUES ('class','Gateway · Controller','Gateway · Controller') ON CONFLICT (namespace,name) DO NOTHING;
INSERT INTO tags(namespace,name,label) VALUES ('tag','wifi','wifi') ON CONFLICT (namespace,name) DO NOTHING;
INSERT INTO tags(namespace,name,label) VALUES ('tag','coverage','coverage') ON CONFLICT (namespace,name) DO NOTHING;
INSERT INTO tags(namespace,name,label) VALUES ('class','Access Points','Access Points') ON CONFLICT (namespace,name) DO NOTHING;
INSERT INTO tags(namespace,name,label) VALUES ('tag','ptz','ptz') ON CONFLICT (namespace,name) DO NOTHING;
INSERT INTO tags(namespace,name,label) VALUES ('class','Surveillance','Surveillance') ON CONFLICT (namespace,name) DO NOTHING;
INSERT INTO tags(namespace,name,label) VALUES ('tag','home-assistant','home-assistant') ON CONFLICT (namespace,name) DO NOTHING;
INSERT INTO tags(namespace,name,label) VALUES ('tag','thread','thread') ON CONFLICT (namespace,name) DO NOTHING;
INSERT INTO tags(namespace,name,label) VALUES ('tag','automation','automation') ON CONFLICT (namespace,name) DO NOTHING;
INSERT INTO tags(namespace,name,label) VALUES ('class','Automation Hub','Automation Hub') ON CONFLICT (namespace,name) DO NOTHING;
INSERT INTO tags(namespace,name,label) VALUES ('tag','audio','audio') ON CONFLICT (namespace,name) DO NOTHING;
INSERT INTO tags(namespace,name,label) VALUES ('tag','headset','headset') ON CONFLICT (namespace,name) DO NOTHING;
INSERT INTO tags(namespace,name,label) VALUES ('tag','planar','planar') ON CONFLICT (namespace,name) DO NOTHING;
INSERT INTO tags(namespace,name,label) VALUES ('class','Open-back Planar Headset','Open-back Planar Headset') ON CONFLICT (namespace,name) DO NOTHING;
INSERT INTO tags(namespace,name,label) VALUES ('tag','kvm','kvm') ON CONFLICT (namespace,name) DO NOTHING;
INSERT INTO tags(namespace,name,label) VALUES ('tag','usb-c','usb-c') ON CONFLICT (namespace,name) DO NOTHING;
INSERT INTO tags(namespace,name,label) VALUES ('tag','wifi-6','wifi-6') ON CONFLICT (namespace,name) DO NOTHING;
INSERT INTO tags(namespace,name,label) VALUES ('tag','glinet','glinet') ON CONFLICT (namespace,name) DO NOTHING;
INSERT INTO tags(namespace,name,label) VALUES ('tag','kickstarter','kickstarter') ON CONFLICT (namespace,name) DO NOTHING;
INSERT INTO tags(namespace,name,label) VALUES ('category','Remote KVM','Remote KVM') ON CONFLICT (namespace,name) DO NOTHING;
INSERT INTO tags(namespace,name,label) VALUES ('tag','rack','rack') ON CONFLICT (namespace,name) DO NOTHING;
INSERT INTO tags(namespace,name,label) VALUES ('tag','poe','poe') ON CONFLICT (namespace,name) DO NOTHING;
INSERT INTO tags(namespace,name,label) VALUES ('category','Rack KVM','Rack KVM') ON CONFLICT (namespace,name) DO NOTHING;
INSERT INTO tags(namespace,name,label) VALUES ('tag','matter','matter') ON CONFLICT (namespace,name) DO NOTHING;
INSERT INTO tags(namespace,name,label) VALUES ('tag','presence','presence') ON CONFLICT (namespace,name) DO NOTHING;
INSERT INTO tags(namespace,name,label) VALUES ('tag','mmwave','mmwave') ON CONFLICT (namespace,name) DO NOTHING;
INSERT INTO tags(namespace,name,label) VALUES ('tag','pir','pir') ON CONFLICT (namespace,name) DO NOTHING;
INSERT INTO tags(namespace,name,label) VALUES ('category','Presence Sensor','Presence Sensor') ON CONFLICT (namespace,name) DO NOTHING;
INSERT INTO tags(namespace,name,label) VALUES ('category','Lighting','Lighting') ON CONFLICT (namespace,name) DO NOTHING;
INSERT INTO tags(namespace,name,label) VALUES ('category','Sensing','Sensing') ON CONFLICT (namespace,name) DO NOTHING;
INSERT INTO tags(namespace,name,label) VALUES ('category','Audio','Audio') ON CONFLICT (namespace,name) DO NOTHING;
INSERT INTO tags(namespace,name,label) VALUES ('tag','lighting','lighting') ON CONFLICT (namespace,name) DO NOTHING;
INSERT INTO tags(namespace,name,label) VALUES ('tag','fpv','fpv') ON CONFLICT (namespace,name) DO NOTHING;
INSERT INTO tags(namespace,name,label) VALUES ('tag','crawlspace','crawlspace') ON CONFLICT (namespace,name) DO NOTHING;
INSERT INTO tags(namespace,name,label) VALUES ('tag','safety','safety') ON CONFLICT (namespace,name) DO NOTHING;
INSERT INTO tags(namespace,name,label) VALUES ('tag','offload','offload') ON CONFLICT (namespace,name) DO NOTHING;
INSERT INTO tags(namespace,name,label) VALUES ('tag','control','control') ON CONFLICT (namespace,name) DO NOTHING;
INSERT INTO tags(namespace,name,label) VALUES ('tag','network','network') ON CONFLICT (namespace,name) DO NOTHING;
INSERT INTO tags(namespace,name,label) VALUES ('tag','latency','latency') ON CONFLICT (namespace,name) DO NOTHING;
INSERT INTO tags(namespace,name,label) VALUES ('tag','operations','operations') ON CONFLICT (namespace,name) DO NOTHING;
INSERT INTO tags(namespace,name,label) VALUES ('tag','telemetry','telemetry') ON CONFLICT (namespace,name) DO NOTHING;
INSERT INTO tags(namespace,name,label) VALUES ('tag','architecture','architecture') ON CONFLICT (namespace,name) DO NOTHING;
INSERT INTO tags(namespace,name,label) VALUES ('tag','autonomy','autonomy') ON CONFLICT (namespace,name) DO NOTHING;
INSERT INTO tags(namespace,name,label) VALUES ('tag','decision','decision') ON CONFLICT (namespace,name) DO NOTHING;
INSERT INTO tags(namespace,name,label) VALUES ('tag','sensing','sensing') ON CONFLICT (namespace,name) DO NOTHING;
INSERT INTO tags(namespace,name,label) VALUES ('tag','calibration','calibration') ON CONFLICT (namespace,name) DO NOTHING;
INSERT INTO tags(namespace,name,label) VALUES ('tag','compute','compute') ON CONFLICT (namespace,name) DO NOTHING;
INSERT INTO tags(namespace,name,label) VALUES ('tag','tiering','tiering') ON CONFLICT (namespace,name) DO NOTHING;
INSERT INTO tags(namespace,name,label) VALUES ('tag','software','software') ON CONFLICT (namespace,name) DO NOTHING;
INSERT INTO tags(namespace,name,label) VALUES ('tag','policy','policy') ON CONFLICT (namespace,name) DO NOTHING;
INSERT INTO tags(namespace,name,label) VALUES ('tag','llm','llm') ON CONFLICT (namespace,name) DO NOTHING;
INSERT INTO tags(namespace,name,label) VALUES ('tag','vla','vla') ON CONFLICT (namespace,name) DO NOTHING;
INSERT INTO tags(namespace,name,label) VALUES ('tag','cosmos','cosmos') ON CONFLICT (namespace,name) DO NOTHING;
INSERT INTO tags(namespace,name,label) VALUES ('tag','teleop','teleop') ON CONFLICT (namespace,name) DO NOTHING;
INSERT INTO tags(namespace,name,label) VALUES ('tag','undercroft','undercroft') ON CONFLICT (namespace,name) DO NOTHING;
INSERT INTO tags(namespace,name,label) VALUES ('tag','north-star','north-star') ON CONFLICT (namespace,name) DO NOTHING;
INSERT INTO tags(namespace,name,label) VALUES ('tag','perception','perception') ON CONFLICT (namespace,name) DO NOTHING;
INSERT INTO tags(namespace,name,label) VALUES ('tag','deployment','deployment') ON CONFLICT (namespace,name) DO NOTHING;
INSERT INTO tags(namespace,name,label) VALUES ('tag','shipwright','shipwright') ON CONFLICT (namespace,name) DO NOTHING;
INSERT INTO tags(namespace,name,label) VALUES ('tag','ghcr','ghcr') ON CONFLICT (namespace,name) DO NOTHING;
INSERT INTO tags(namespace,name,label) VALUES ('tag','kubernetes','kubernetes') ON CONFLICT (namespace,name) DO NOTHING;

-- assets: units
INSERT INTO assets(id,kind,name,manufacturer,model,callsign,status,lifecycle,provenance,flagship,summary,description,planning_notes,monitored_via,acquired,horizon,quantity,power_watts,power_volts,power_rail,mass_grams,price_us,price_import,specs,links,limitations,sources) VALUES ('beast','system','UGV Beast',NULL,NULL,'BEAST-01','needs-attention','assembled','owner',true,'Waveshare UGV Beast ACCE ROS2 kit with the stock pan-tilt 5MP camera, OAK-D Lite depth camera, and D500 LiDAR. First unit of the fleet. Mid Orin cutover (2026-07-22): Raspberry Pi 5 removed; host mount empty while the owned Jetson Orin Nano Super is being fitted. Slow tracked base that stops on a dime — remote and on-device control are both viable once the host is back.',NULL,NULL,NULL,'2026',NULL,1,25,5,'5V',3200,NULL,NULL,'[{"label":"Chassis","value":"Tracked, all-terrain · slow, hard-stopping"},{"label":"Onboard host","value":"EMPTY — Orin Nano cutover in progress"},{"label":"Motor control","value":"ESP32 (PID)"},{"label":"Pan-tilt camera","value":"5MP · 160° · USB"},{"label":"Depth camera","value":"OAK-D Lite · USB"},{"label":"LiDAR","value":"D500 / STL-19P · 360° · 230400 baud"},{"label":"Pack","value":"3S Li-ion (~11.1V)"},{"label":"Control","value":"Offline until Orin host is fitted"}]'::jsonb,'[{"label":"Waveshare UGV Beast","url":"https://www.waveshare.com/ugv-beast.htm"},{"label":"Waveshare UGV hardware tutorial","url":"https://www.youtube.com/watch?v=8wqPs7rNkJ4"}]'::jsonb,NULL,NULL);
INSERT INTO assets(id,kind,name,manufacturer,model,callsign,status,lifecycle,provenance,flagship,summary,description,planning_notes,monitored_via,acquired,horizon,quantity,power_watts,power_volts,power_rail,mass_grams,price_us,price_import,specs,links,limitations,sources) VALUES ('oak-d-lite','module','Luxonis OAK-D Lite',NULL,NULL,'BEAST-RGBD','operational','assembled','owner',false,'OAK-D Lite depth and AI camera installed as part of the BEAST-01 ACCE ROS2 kit.',NULL,NULL,NULL,'included',NULL,1,NULL,NULL,NULL,NULL,NULL,NULL,'[{"label":"Role","value":"Stereo depth · RGB · onboard vision"},{"label":"Interface","value":"USB"},{"label":"ROS","value":"depthai_ros_driver"}]'::jsonb,NULL,NULL,NULL);
INSERT INTO assets(id,kind,name,manufacturer,model,callsign,status,lifecycle,provenance,flagship,summary,description,planning_notes,monitored_via,acquired,horizon,quantity,power_watts,power_volts,power_rail,mass_grams,price_us,price_import,specs,links,limitations,sources) VALUES ('d500-lidar','module','Waveshare D500 LiDAR',NULL,NULL,'BEAST-LIDAR','operational','assembled','owner',false,'D500 360° DTOF LiDAR installed as part of the BEAST-01 ACCE ROS2 kit; the sensor core is STL-19P/LDS19.',NULL,NULL,NULL,'included',NULL,1,1.45,5,'5V',NULL,NULL,NULL,'[{"label":"Sensor","value":"STL-19P / LDS19"},{"label":"Range","value":"0.03–12 m"},{"label":"Scan","value":"360° · 10 Hz · 5000 samples/s"},{"label":"Interface","value":"UART · 230400 baud · USB bridge to host"},{"label":"ROS model","value":"LDLIDAR_MODEL=ld19"}]'::jsonb,NULL,NULL,NULL);
INSERT INTO assets(id,kind,name,manufacturer,model,callsign,status,lifecycle,provenance,flagship,summary,description,planning_notes,monitored_via,acquired,horizon,quantity,power_watts,power_volts,power_rail,mass_grams,price_us,price_import,specs,links,limitations,sources) VALUES ('stock-ups','module','Stock 3x18650 UPS',NULL,NULL,'BEAST-PWR','operational','assembled','owner',false,'Stock undercarriage UPS module installed in BEAST-01, with room for 3x 18650 cells and external 3S pack experiments.',NULL,NULL,NULL,'included',NULL,1,NULL,11.1,'battery',NULL,NULL,NULL,'[{"label":"Cells","value":"3x 18650"},{"label":"Chassis slot","value":"Undercarriage Bay"},{"label":"Expansion","value":"External 3S packs via XH2.54 input"}]'::jsonb,NULL,NULL,NULL);
INSERT INTO assets(id,kind,name,manufacturer,model,callsign,status,lifecycle,provenance,flagship,summary,description,planning_notes,monitored_via,acquired,horizon,quantity,power_watts,power_volts,power_rail,mass_grams,price_us,price_import,specs,links,limitations,sources) VALUES ('driver-board','module','General Driver for Robots',NULL,NULL,'BEAST-CTL','operational','assembled','owner',false,'Waveshare ESP32-WROOM-32 driver board at the heart of BEAST-01: motor H-bridge, ST3215 servo bus, 5V host rail for the Pi, IMU, and battery telemetry on one 65×65mm PCB.',NULL,NULL,NULL,'included',NULL,1,NULL,NULL,NULL,NULL,NULL,NULL,'[{"label":"MCU","value":"ESP32-WROOM-32"},{"label":"Power in","value":"XH2.54 · DC 7–13V"},{"label":"Motor driver","value":"TB6612FNG dual H-bridge"},{"label":"Servo bus","value":"ST3215 TTL @ 1 Mbps (5A limit)"},{"label":"Host rail","value":"5V buck (MP8759, ~5A) via 40-pin"},{"label":"Telemetry","value":"INA219 V/I sense · IMU · OLED I²C"}]'::jsonb,NULL,NULL,NULL);
INSERT INTO assets(id,kind,name,manufacturer,model,callsign,status,lifecycle,provenance,flagship,summary,description,planning_notes,monitored_via,acquired,horizon,quantity,power_watts,power_volts,power_rail,mass_grams,price_us,price_import,specs,links,limitations,sources) VALUES ('rover-slot-2','module','Open Rover Slot',NULL,NULL,NULL,'wishlist','wishlist','inferred',false,'Reserved bay for the next ground unit or aerial drone as the fleet grows.',NULL,NULL,NULL,NULL,NULL,1,NULL,NULL,NULL,NULL,NULL,NULL,'[{"label":"Status","value":"Empty — future acquisition"}]'::jsonb,NULL,NULL,NULL);
INSERT INTO assets(id,kind,name,manufacturer,model,callsign,status,lifecycle,provenance,flagship,summary,description,planning_notes,monitored_via,acquired,horizon,quantity,power_watts,power_volts,power_rail,mass_grams,price_us,price_import,specs,links,limitations,sources) VALUES ('workstation','module','Threadripper / RTX 5090',NULL,NULL,'CORE-PRIME','operational','deployed','owner',true,'Blackwell-class desktop. Fleet brain for training and heavy perception/VLA inference. On the slow hard-stopping Beast, remote closed-loop over WiFi 6 is first-class alongside on-device Orin — the network tail is a design input, not a teleop veto.',NULL,NULL,NULL,'owned',NULL,1,600,NULL,'mains',NULL,NULL,NULL,'[{"label":"GPU","value":"RTX 5090 · 32GB GDDR7"},{"label":"Arch","value":"Blackwell"},{"label":"CPU","value":"Threadripper"},{"label":"Role","value":"Train + offboard inference"},{"label":"Link","value":"WiFi 6 LAN to fleet"}]'::jsonb,NULL,NULL,NULL);
INSERT INTO assets(id,kind,name,manufacturer,model,callsign,status,lifecycle,provenance,flagship,summary,description,planning_notes,monitored_via,acquired,horizon,quantity,power_watts,power_volts,power_rail,mass_grams,price_us,price_import,specs,links,limitations,sources) VALUES ('pi5','module','Raspberry Pi 5',NULL,NULL,'EDGE-PI','retired','inventory','owner',false,'Former Beast upper computer — removed 2026-07-22 for the Orin Nano cutover. Kept in inventory as a spare SBC. No CUDA; when it was onboard it handled teleop, streaming, I/O, and the stale-command watchdog on the constrained 5V/5A rail.',NULL,NULL,NULL,'owned',NULL,1,25,5,'5V',NULL,NULL,NULL,'[{"label":"SoC","value":"BCM2712 · quad A76"},{"label":"GPU","value":"VideoCore (no CUDA)"},{"label":"Rail","value":"5V / 5A — protect it"},{"label":"Role","value":"Spare · former Beast host"}]'::jsonb,NULL,NULL,NULL);
INSERT INTO assets(id,kind,name,manufacturer,model,callsign,status,lifecycle,provenance,flagship,summary,description,planning_notes,monitored_via,acquired,horizon,quantity,power_watts,power_volts,power_rail,mass_grams,price_us,price_import,specs,links,limitations,sources) VALUES ('orin-nano','module','Jetson Orin Nano Super',NULL,NULL,'BEAST-JETSON','needs-attention','assembled','owner',false,'Owned NVIDIA Jetson Orin Nano 8GB developer kit — JetPack 6.2.2 / R36.5 on NVMe, ROS 2 Humble and the Jetson-adapted Waveshare workspace built. Software-ready Beast host; physical install into the empty host mount is the active cutover blocker (2026-07-22).',NULL,NULL,NULL,'owned',NULL,1,25,NULL,'battery',NULL,249,NULL,'[{"label":"AI perf","value":"up to 67 TOPS (Super); ~1.7× prior"},{"label":"Arch","value":"Ampere GPU + 6-core Arm"},{"label":"Power","value":"7–25 W"},{"label":"Memory","value":"8 GB"},{"label":"Cameras","value":"2× MIPI CSI (4-lane)"},{"label":"Carrier","value":"Accepts Orin Nano + Orin NX"},{"label":"Stack","value":"CUDA · TensorRT · Isaac ROS"},{"label":"Lifecycle","value":"through 2032"},{"label":"Cutover","value":"Pi out · Orin fitting"}]'::jsonb,'[{"label":"NVIDIA Jetson Orin","url":"https://www.nvidia.com/en-us/autonomous-machines/embedded-systems/jetson-orin/"}]'::jsonb,NULL,NULL);
INSERT INTO assets(id,kind,name,manufacturer,model,callsign,status,lifecycle,provenance,flagship,summary,description,planning_notes,monitored_via,acquired,horizon,quantity,power_watts,power_volts,power_rail,mass_grams,price_us,price_import,specs,links,limitations,sources) VALUES ('jetson-thor','module','Jetson Thor (T4000)',NULL,NULL,NULL,'researching','wishlist','inferred',false,'Blackwell in an embedded module — but the wrong tier for a hobby rover. Built for humanoids and industrial AMRs. Logged for the research horizon, not the buy list.',NULL,NULL,NULL,NULL,'Q2 2026 · wrong tier',1,75,NULL,'battery',NULL,1999,NULL,'[{"label":"AI perf","value":"1,200 FP4 TFLOPS"},{"label":"Arch","value":"Blackwell"},{"label":"Power","value":"40–75 W"},{"label":"Memory","value":"64 GB"},{"label":"Price","value":"~$1,999 @ 1k vol"},{"label":"Avail","value":"~Q2 2026"}]'::jsonb,NULL,NULL,NULL);
INSERT INTO assets(id,kind,name,manufacturer,model,callsign,status,lifecycle,provenance,flagship,summary,description,planning_notes,monitored_via,acquired,horizon,quantity,power_watts,power_volts,power_rail,mass_grams,price_us,price_import,specs,links,limitations,sources) VALUES ('udm-pro-max','module','UniFi UDM Pro Max',NULL,NULL,'GATEWAY','operational','deployed','owner',false,'Core of Network Ops — gateway, controller, and the spine the offload link rides on.',NULL,NULL,'Home Assistant','owned',NULL,1,33,NULL,'mains',NULL,NULL,NULL,'[{"label":"Role","value":"Gateway + UniFi controller"},{"label":"Uplink","value":"10G homelab switching"}]'::jsonb,NULL,NULL,NULL);
INSERT INTO assets(id,kind,name,manufacturer,model,callsign,status,lifecycle,provenance,flagship,summary,description,planning_notes,monitored_via,acquired,horizon,quantity,power_watts,power_volts,power_rail,mass_grams,price_us,price_import,specs,links,limitations,sources) VALUES ('unifi-aps','module','UniFi WiFi 7 APs',NULL,NULL,NULL,'operational','deployed','owner',false,'In-wall + outdoor APs providing the 5GHz / WiFi 6+ coverage the offload architecture depends on. Coverage = autonomy range when the brain is off-board.',NULL,NULL,NULL,'owned',NULL,1,NULL,NULL,NULL,NULL,NULL,NULL,'[{"label":"Units","value":"U7 in-wall + outdoor"},{"label":"Role","value":"Fleet uplink / coverage"}]'::jsonb,NULL,NULL,NULL);
INSERT INTO assets(id,kind,name,manufacturer,model,callsign,status,lifecycle,provenance,flagship,summary,description,planning_notes,monitored_via,acquired,horizon,quantity,power_watts,power_volts,power_rail,mass_grams,price_us,price_import,specs,links,limitations,sources) VALUES ('unifi-cams','module','UniFi G6 PTZ Cameras',NULL,NULL,NULL,'operational','deployed','owner',false,'PTZ camera coverage across the property — eyes for the base, distinct from on-rover sensing.',NULL,NULL,'Home Assistant','owned',NULL,1,NULL,NULL,NULL,NULL,NULL,NULL,'[{"label":"Type","value":"G6 PTZ"}]'::jsonb,NULL,NULL,NULL);
INSERT INTO assets(id,kind,name,manufacturer,model,callsign,status,lifecycle,provenance,flagship,summary,description,planning_notes,monitored_via,acquired,horizon,quantity,power_watts,power_volts,power_rail,mass_grams,price_us,price_import,specs,links,limitations,sources) VALUES ('home-assistant','module','Home Assistant Hub',NULL,NULL,'HA-CORE','operational','deployed','owner',false,'Whole-home automation brain with a Thread border router. Hangar catalogs its role; Home Assistant remains the home-automation control plane.',NULL,NULL,NULL,'owned',NULL,1,NULL,NULL,NULL,NULL,NULL,NULL,'[{"label":"Thread","value":"ZBT-2 border router"},{"label":"Climate","value":"Ecobee"},{"label":"Pool","value":"Pentair via Elfin EW11"},{"label":"Irrigation","value":"B-hyve"},{"label":"Energy","value":"Emporia Vue"},{"label":"Display","value":"LG C5 OLED"}]'::jsonb,NULL,NULL,NULL);
INSERT INTO assets(id,kind,name,manufacturer,model,callsign,status,lifecycle,provenance,flagship,summary,description,planning_notes,monitored_via,acquired,horizon,quantity,power_watts,power_volts,power_rail,mass_grams,price_us,price_import,specs,links,limitations,sources) VALUES ('rog-kithara','module','Asus ROG Kithara',NULL,NULL,NULL,'operational','deployed','owner',false,'Current daily driver in the Audio Lab; anchor for an Audeze-heavy wishlist.',NULL,NULL,NULL,'owned',NULL,1,NULL,NULL,NULL,NULL,NULL,NULL,'[{"label":"Type","value":"Open-back planar"}]'::jsonb,NULL,NULL,NULL);

-- assets: inventory items
INSERT INTO assets(id,kind,name,manufacturer,model,callsign,status,lifecycle,provenance,flagship,summary,description,planning_notes,monitored_via,acquired,horizon,quantity,power_watts,power_volts,power_rail,mass_grams,price_us,price_import,specs,links,limitations,sources) VALUES ('glinet-comet-q-gl-rmq1','peripheral','Comet Q','GL.iNet','GL-RMQ1',NULL,'on-order','on-order','owner',false,'Palm-sized USB-C remote KVM for controlling one USB-C target device from a browser or GLKVM app over Wi-Fi 6.','Comet Q is the mobile-device and compact-host member of the Comet KVM line. It connects to a target over USB-C and depends on the target supporting DisplayPort Alt Mode, then exposes remote keyboard, video, and mouse control through a browser or app. It is useful for Mac minis, closed-lid laptops, iPhone/iPad test devices, kiosks, and small homelab machines where physical monitor and keyboard access is inconvenient.','Treat as a single-target convenience KVM for USB-C video devices, not as a replacement for HDMI rack KVMs. Best Hangar placement is Network Ops until assigned to a specific unit or service workflow.',NULL,'2026 Kickstarter pledge','Estimated shipping Aug 2026',1,NULL,NULL,NULL,NULL,89,NULL,'[{"label":"OS","value":"Buildroot"},{"label":"CPU","value":"ARM Cortex, quad-core"},{"label":"Memory / storage","value":"512 MB LPDDR4 / 512 MB NAND"},{"label":"Display","value":"1.8 in touchscreen"},{"label":"Wireless","value":"Wi-Fi 6, IEEE 802.11 a/b/g/n/ac/ax"},{"label":"Wi-Fi speed","value":"5 GHz: 286 Mbps; 2.4 GHz: 286 Mbps"},{"label":"Video","value":"2K QHD @ 60 FPS"},{"label":"Interface","value":"USB-C power passthrough plus USB-C cable with DP Alt Mode support"},{"label":"Power input","value":"USB-C PD, 5V/3A"}]'::jsonb,NULL,'["Requires USB-C DisplayPort Alt Mode on the controlled device.","Controls one target at a time.","Not the right tool for older HDMI-only servers without an adapter path."]'::jsonb,'[{"label":"GL.iNet Comet Q product page","url":"https://www.gl-inet.com/products/gl-rmq1/","accessedAt":"2026-06-16","kind":"official"},{"label":"CNX Software Comet Q crowdfunding coverage","url":"https://www.cnx-software.com/2026/06/03/comet-q-usb-c-kvm-device-is-made-for-smartphones-tablets-and-laptops-crowdfunding/","accessedAt":"2026-06-16","kind":"review"}]'::jsonb);
INSERT INTO assets(id,kind,name,manufacturer,model,callsign,status,lifecycle,provenance,flagship,summary,description,planning_notes,monitored_via,acquired,horizon,quantity,power_watts,power_volts,power_rail,mass_grams,price_us,price_import,specs,links,limitations,sources) VALUES ('glinet-comet-x-gl-rm4pe','peripheral','Comet X','GL.iNet','GL-RM4PE',NULL,'on-order','on-order','owner',false,'Quad-port remote KVM with PoE for managing up to four nearby hosts from a browser, app, or local rack console.','Comet X is the rack and homelab member of the Comet line. It provides four HDMI inputs, four USB-C device ports for host control, a local HDMI output, USB-A host ports for peripherals, and remote browser/app access. Its 64 GB eMMC storage is positioned as an image repository for ISO storage, OS deployment, and emergency recovery.','This belongs in Network Ops as the likely rack-side management point for grouped mini PCs, servers, or test hosts. It should be modeled as an item first, then linked to specific units once those hosts are attached.',NULL,'2026 Kickstarter add-on','Estimated shipping Aug 2026',1,NULL,NULL,NULL,NULL,202,NULL,'[{"label":"OS","value":"Linux 6.1"},{"label":"CPU","value":"ARM Cortex, quad-core"},{"label":"Memory / storage","value":"1 GB DDR3L / 64 GB eMMC"},{"label":"Host inputs","value":"4 x HDMI IN; 4 x USB 2.0 Type-C device ports"},{"label":"Local console","value":"1 x HDMI OUT; 7 x USB 2.0 Type-A host ports"},{"label":"Network","value":"1 x RJ45, 10/100/1000 Mbps, 802.3af/at PoE"},{"label":"Display","value":"3.69 in TFT touchscreen"},{"label":"Video","value":"4K @ 30 FPS"},{"label":"Power input","value":"Ethernet PoE or optional USB-C 5V/3A PD"},{"label":"Dimensions / weight","value":"170 x 90 x 40 mm / 560 g"},{"label":"Rack mounting","value":"Compatible with 10 in and 19 in racks; brackets included"}]'::jsonb,NULL,'["Controls up to four hosts.","Video handling is listed as 4K @ 30 FPS, not 4K @ 60 FPS.","USB host ports are USB 2.0 and rated 5V/0.5A per port.","No cellular failover is listed for this model."]'::jsonb,'[{"label":"GL.iNet Comet X product page","url":"https://www.gl-inet.com/products/gl-rm4pe/","accessedAt":"2026-06-16","kind":"official"},{"label":"NAS Compares Comet X coverage","url":"https://nascompares.com/2026/05/28/gl-inet-comet-x-kvm-host-revealed/","accessedAt":"2026-06-16","kind":"review"}]'::jsonb);
INSERT INTO assets(id,kind,name,manufacturer,model,callsign,status,lifecycle,provenance,flagship,summary,description,planning_notes,monitored_via,acquired,horizon,quantity,power_watts,power_volts,power_rail,mass_grams,price_us,price_import,specs,links,limitations,sources) VALUES ('lafaer-lwr02-presence-sensor','peripheral','LWR02 All-in-One Wireless Presence Sensor','GL.iNet / Lafaer','LWR02',NULL,'on-order','on-order','owner',false,'Matter-over-Thread 5-in-1 smart-home sensor combining PIR, mmWave presence detection, ambient light, temperature, and humidity.','LWR02 is a battery-powered occupancy and environment sensor for smart-home automations. PIR covers larger motion events while mmWave radar helps maintain presence when a person is relatively still. The sensor reports movement or presence, ambient light, temperature, humidity, and battery percentage to compatible Matter ecosystems.','Best initial placement is Home Systems. It can become a useful occupancy signal for lights, HVAC context, bathroom/kitchen automations, and future Hangar references to room state, but the Hangar should catalog it rather than operate the home.',NULL,'2026 Kickstarter add-on','Estimated shipping Aug 2026',1,NULL,NULL,NULL,NULL,36,NULL,'[{"label":"Sensors","value":"Presence, motion, ambient light, temperature, humidity"},{"label":"Detection method","value":"PIR plus mmWave radar"},{"label":"Battery","value":"2 x AAA, rechargeable AAA supported"},{"label":"Battery life","value":"Claimed 2+ years"},{"label":"Detection range","value":"Presence: 4 m / 13.1 ft; motion: 8 m / 26.2 ft"},{"label":"Detection angle","value":"Approx. 120 degrees"},{"label":"Protocol","value":"Matter over Thread"},{"label":"Wireless","value":"IEEE 802.15.4, 2.4 GHz"},{"label":"Dimensions","value":"Device only: 71 x 46 x 36 mm; with stand: 71 x 46 x 49 mm"},{"label":"Operating temperature","value":"0-40 C / 32-104 F"},{"label":"Protection rating","value":"IPX3"},{"label":"Matter certification","value":"CSA262BRMAT52423-24; spec 1.4.2; certified 2026-05-06"}]'::jsonb,NULL,'["Requires a Matter-capable platform and a Thread Border Router.","Horizontal installation is recommended; vertical installation is explicitly not advised unless angled downward from target height.","Avoid aiming at large glass surfaces, fans, curtains, or other moving objects to reduce false triggers.","IPX3 is splash resistance, not outdoor weatherproofing or submersion.","GL.iNet does not publish mmWave frequency, lux accuracy, temperature/humidity accuracy, reporting interval, zone mapping, or multi-person tracking specs."]'::jsonb,'[{"label":"GL.iNet LWR02 product page","url":"https://www.gl-inet.com/en-us/products/lwr02","accessedAt":"2026-06-16","kind":"official"},{"label":"CSA Matter certification record","url":"https://csa-iot.org/csa_product/all-in-one-wireless-presence-sensor/","accessedAt":"2026-06-16","kind":"certification"}]'::jsonb);

-- assets: wishlist (folded in, lifecycle=wishlist). wishlist_meta deferred (needs caps/missions).
INSERT INTO assets(id,kind,name,manufacturer,model,callsign,status,lifecycle,provenance,flagship,summary,description,planning_notes,monitored_via,acquired,horizon,quantity,power_watts,power_volts,power_rail,mass_grams,price_us,price_import,specs,links,limitations,sources) VALUES ('light-bar','module','RC Crawler Aluminum LED Light Bar',NULL,NULL,NULL,'buy-next','wishlist','inferred',false,'Wide flood, rugged, 2S–3S input — runs off the battery rail, not the Pi. Mount forward + angled down ~15–20° to light the floor without blasting dust at lens level.',NULL,NULL,NULL,NULL,NULL,1,8,NULL,'battery',85,35,18,NULL,NULL,NULL,NULL);
INSERT INTO assets(id,kind,name,manufacturer,model,callsign,status,lifecycle,provenance,flagship,summary,description,planning_notes,monitored_via,acquired,horizon,quantity,power_watts,power_volts,power_rail,mass_grams,price_us,price_import,specs,links,limitations,sources) VALUES ('crawler-led-kit','module','INJORA / MEUS Crawler LED Kit',NULL,NULL,NULL,'watching','wishlist','inferred',false,'Cheapest path — multiple small LEDs you can place and offset individually off the lens axis.',NULL,NULL,NULL,NULL,NULL,1,NULL,NULL,NULL,NULL,18,10,NULL,NULL,NULL,NULL);
INSERT INTO assets(id,kind,name,manufacturer,model,callsign,status,lifecycle,provenance,flagship,summary,description,planning_notes,monitored_via,acquired,horizon,quantity,power_watts,power_volts,power_rail,mass_grams,price_us,price_import,specs,links,limitations,sources) VALUES ('depth-cam','module','Integrated Depth Camera (Orbbec-class)',NULL,NULL,NULL,'researching','wishlist','inferred',false,'Factory-calibrated RGB-D on one USB stream — erases camera intrinsics, extrinsics, and time-sync work. Computes depth onboard, so the host streams it without a GPU. The "reach high but solve power" first step.',NULL,NULL,NULL,NULL,NULL,1,5,5,'5V',140,230,NULL,NULL,NULL,NULL,NULL);
INSERT INTO assets(id,kind,name,manufacturer,model,callsign,status,lifecycle,provenance,flagship,summary,description,planning_notes,monitored_via,acquired,horizon,quantity,power_watts,power_volts,power_rail,mass_grams,price_us,price_import,specs,links,limitations,sources) VALUES ('standalone-lidar','module','Standalone LiDAR (~$500 class)',NULL,NULL,NULL,'researching','wishlist','inferred',false,'Mind-blowing range/coverage but LiDAR-only. Adds extrinsic calibration + time-sync burden, and more total draw — compounds the Pi power problem. Defer until the pipeline exists.',NULL,NULL,NULL,NULL,NULL,1,NULL,NULL,NULL,NULL,500,420,NULL,NULL,NULL,NULL);
INSERT INTO assets(id,kind,name,manufacturer,model,callsign,status,lifecycle,provenance,flagship,summary,description,planning_notes,monitored_via,acquired,horizon,quantity,power_watts,power_volts,power_rail,mass_grams,price_us,price_import,specs,links,limitations,sources) VALUES ('audeze-mm100','module','Audeze MM-100',NULL,NULL,NULL,'watching','wishlist','inferred',false,'Top of the Audio Lab planar wishlist.',NULL,NULL,NULL,NULL,NULL,1,NULL,NULL,NULL,NULL,399,NULL,NULL,NULL,NULL,NULL);

-- asset_groups (bay membership) + asset_tags
INSERT INTO asset_groups(asset_id,group_id) VALUES ('beast','robotics') ON CONFLICT DO NOTHING;
INSERT INTO asset_tags(asset_id,tag_id) SELECT 'beast',id FROM tags WHERE namespace='tag' AND name='rover' ON CONFLICT DO NOTHING;
INSERT INTO asset_tags(asset_id,tag_id) SELECT 'beast',id FROM tags WHERE namespace='tag' AND name='flagship' ON CONFLICT DO NOTHING;
INSERT INTO asset_tags(asset_id,tag_id) SELECT 'beast',id FROM tags WHERE namespace='tag' AND name='waveshare' ON CONFLICT DO NOTHING;
INSERT INTO asset_tags(asset_id,tag_id) SELECT 'beast',id FROM tags WHERE namespace='tag' AND name='acce' ON CONFLICT DO NOTHING;
INSERT INTO asset_tags(asset_id,tag_id) SELECT 'beast',id FROM tags WHERE namespace='tag' AND name='ros2' ON CONFLICT DO NOTHING;
INSERT INTO asset_tags(asset_id,tag_id) SELECT 'beast',id FROM tags WHERE namespace='tag' AND name='cutover' ON CONFLICT DO NOTHING;
INSERT INTO asset_tags(asset_id,tag_id) SELECT 'beast',id FROM tags WHERE namespace='class' AND name='Tracked ROS2 Rover' ON CONFLICT DO NOTHING;
INSERT INTO asset_groups(asset_id,group_id) VALUES ('oak-d-lite','robotics') ON CONFLICT DO NOTHING;
INSERT INTO asset_tags(asset_id,tag_id) SELECT 'oak-d-lite',id FROM tags WHERE namespace='tag' AND name='camera' ON CONFLICT DO NOTHING;
INSERT INTO asset_tags(asset_id,tag_id) SELECT 'oak-d-lite',id FROM tags WHERE namespace='tag' AND name='depth' ON CONFLICT DO NOTHING;
INSERT INTO asset_tags(asset_id,tag_id) SELECT 'oak-d-lite',id FROM tags WHERE namespace='tag' AND name='oak' ON CONFLICT DO NOTHING;
INSERT INTO asset_tags(asset_id,tag_id) SELECT 'oak-d-lite',id FROM tags WHERE namespace='tag' AND name='beast' ON CONFLICT DO NOTHING;
INSERT INTO asset_tags(asset_id,tag_id) SELECT 'oak-d-lite',id FROM tags WHERE namespace='tag' AND name='acce' ON CONFLICT DO NOTHING;
INSERT INTO asset_tags(asset_id,tag_id) SELECT 'oak-d-lite',id FROM tags WHERE namespace='class' AND name='RGB-D Camera' ON CONFLICT DO NOTHING;
INSERT INTO asset_groups(asset_id,group_id) VALUES ('d500-lidar','robotics') ON CONFLICT DO NOTHING;
INSERT INTO asset_tags(asset_id,tag_id) SELECT 'd500-lidar',id FROM tags WHERE namespace='tag' AND name='lidar' ON CONFLICT DO NOTHING;
INSERT INTO asset_tags(asset_id,tag_id) SELECT 'd500-lidar',id FROM tags WHERE namespace='tag' AND name='dtof' ON CONFLICT DO NOTHING;
INSERT INTO asset_tags(asset_id,tag_id) SELECT 'd500-lidar',id FROM tags WHERE namespace='tag' AND name='mapping' ON CONFLICT DO NOTHING;
INSERT INTO asset_tags(asset_id,tag_id) SELECT 'd500-lidar',id FROM tags WHERE namespace='tag' AND name='beast' ON CONFLICT DO NOTHING;
INSERT INTO asset_tags(asset_id,tag_id) SELECT 'd500-lidar',id FROM tags WHERE namespace='tag' AND name='acce' ON CONFLICT DO NOTHING;
INSERT INTO asset_tags(asset_id,tag_id) SELECT 'd500-lidar',id FROM tags WHERE namespace='class' AND name='2D LiDAR' ON CONFLICT DO NOTHING;
INSERT INTO asset_groups(asset_id,group_id) VALUES ('stock-ups','robotics') ON CONFLICT DO NOTHING;
INSERT INTO asset_tags(asset_id,tag_id) SELECT 'stock-ups',id FROM tags WHERE namespace='tag' AND name='power' ON CONFLICT DO NOTHING;
INSERT INTO asset_tags(asset_id,tag_id) SELECT 'stock-ups',id FROM tags WHERE namespace='tag' AND name='ups' ON CONFLICT DO NOTHING;
INSERT INTO asset_tags(asset_id,tag_id) SELECT 'stock-ups',id FROM tags WHERE namespace='tag' AND name='beast' ON CONFLICT DO NOTHING;
INSERT INTO asset_tags(asset_id,tag_id) SELECT 'stock-ups',id FROM tags WHERE namespace='class' AND name='Power Module' ON CONFLICT DO NOTHING;
INSERT INTO asset_groups(asset_id,group_id) VALUES ('driver-board','robotics') ON CONFLICT DO NOTHING;
INSERT INTO asset_tags(asset_id,tag_id) SELECT 'driver-board',id FROM tags WHERE namespace='tag' AND name='controller' ON CONFLICT DO NOTHING;
INSERT INTO asset_tags(asset_id,tag_id) SELECT 'driver-board',id FROM tags WHERE namespace='tag' AND name='esp32' ON CONFLICT DO NOTHING;
INSERT INTO asset_tags(asset_id,tag_id) SELECT 'driver-board',id FROM tags WHERE namespace='tag' AND name='waveshare' ON CONFLICT DO NOTHING;
INSERT INTO asset_tags(asset_id,tag_id) SELECT 'driver-board',id FROM tags WHERE namespace='tag' AND name='beast' ON CONFLICT DO NOTHING;
INSERT INTO asset_tags(asset_id,tag_id) SELECT 'driver-board',id FROM tags WHERE namespace='class' AND name='Robot Controller Board' ON CONFLICT DO NOTHING;
INSERT INTO asset_groups(asset_id,group_id) VALUES ('rover-slot-2','robotics') ON CONFLICT DO NOTHING;
INSERT INTO asset_tags(asset_id,tag_id) SELECT 'rover-slot-2',id FROM tags WHERE namespace='tag' AND name='placeholder' ON CONFLICT DO NOTHING;
INSERT INTO asset_tags(asset_id,tag_id) SELECT 'rover-slot-2',id FROM tags WHERE namespace='tag' AND name='expansion' ON CONFLICT DO NOTHING;
INSERT INTO asset_tags(asset_id,tag_id) SELECT 'rover-slot-2',id FROM tags WHERE namespace='class' AND name='Unassigned bay' ON CONFLICT DO NOTHING;
INSERT INTO asset_groups(asset_id,group_id) VALUES ('workstation','compute') ON CONFLICT DO NOTHING;
INSERT INTO asset_tags(asset_id,tag_id) SELECT 'workstation',id FROM tags WHERE namespace='tag' AND name='blackwell' ON CONFLICT DO NOTHING;
INSERT INTO asset_tags(asset_id,tag_id) SELECT 'workstation',id FROM tags WHERE namespace='tag' AND name='5090' ON CONFLICT DO NOTHING;
INSERT INTO asset_tags(asset_id,tag_id) SELECT 'workstation',id FROM tags WHERE namespace='tag' AND name='workstation' ON CONFLICT DO NOTHING;
INSERT INTO asset_tags(asset_id,tag_id) SELECT 'workstation',id FROM tags WHERE namespace='tag' AND name='cuda' ON CONFLICT DO NOTHING;
INSERT INTO asset_tags(asset_id,tag_id) SELECT 'workstation',id FROM tags WHERE namespace='class' AND name='Workstation · Off-board Brain' ON CONFLICT DO NOTHING;
INSERT INTO asset_groups(asset_id,group_id) VALUES ('pi5','compute') ON CONFLICT DO NOTHING;
INSERT INTO asset_tags(asset_id,tag_id) SELECT 'pi5',id FROM tags WHERE namespace='tag' AND name='pi' ON CONFLICT DO NOTHING;
INSERT INTO asset_tags(asset_id,tag_id) SELECT 'pi5',id FROM tags WHERE namespace='tag' AND name='sbc' ON CONFLICT DO NOTHING;
INSERT INTO asset_tags(asset_id,tag_id) SELECT 'pi5',id FROM tags WHERE namespace='tag' AND name='spare' ON CONFLICT DO NOTHING;
INSERT INTO asset_tags(asset_id,tag_id) SELECT 'pi5',id FROM tags WHERE namespace='class' AND name='SBC · Onboard I/O' ON CONFLICT DO NOTHING;
INSERT INTO asset_groups(asset_id,group_id) VALUES ('orin-nano','compute') ON CONFLICT DO NOTHING;
INSERT INTO asset_tags(asset_id,tag_id) SELECT 'orin-nano',id FROM tags WHERE namespace='tag' AND name='jetson' ON CONFLICT DO NOTHING;
INSERT INTO asset_tags(asset_id,tag_id) SELECT 'orin-nano',id FROM tags WHERE namespace='tag' AND name='orin' ON CONFLICT DO NOTHING;
INSERT INTO asset_tags(asset_id,tag_id) SELECT 'orin-nano',id FROM tags WHERE namespace='tag' AND name='ampere' ON CONFLICT DO NOTHING;
INSERT INTO asset_tags(asset_id,tag_id) SELECT 'orin-nano',id FROM tags WHERE namespace='tag' AND name='edge-ai' ON CONFLICT DO NOTHING;
INSERT INTO asset_tags(asset_id,tag_id) SELECT 'orin-nano',id FROM tags WHERE namespace='tag' AND name='cutover' ON CONFLICT DO NOTHING;
INSERT INTO asset_tags(asset_id,tag_id) SELECT 'orin-nano',id FROM tags WHERE namespace='class' AND name='Edge AI Module' ON CONFLICT DO NOTHING;
INSERT INTO asset_groups(asset_id,group_id) VALUES ('jetson-thor','compute') ON CONFLICT DO NOTHING;
INSERT INTO asset_tags(asset_id,tag_id) SELECT 'jetson-thor',id FROM tags WHERE namespace='tag' AND name='jetson' ON CONFLICT DO NOTHING;
INSERT INTO asset_tags(asset_id,tag_id) SELECT 'jetson-thor',id FROM tags WHERE namespace='tag' AND name='thor' ON CONFLICT DO NOTHING;
INSERT INTO asset_tags(asset_id,tag_id) SELECT 'jetson-thor',id FROM tags WHERE namespace='tag' AND name='blackwell' ON CONFLICT DO NOTHING;
INSERT INTO asset_tags(asset_id,tag_id) SELECT 'jetson-thor',id FROM tags WHERE namespace='tag' AND name='industrial' ON CONFLICT DO NOTHING;
INSERT INTO asset_tags(asset_id,tag_id) SELECT 'jetson-thor',id FROM tags WHERE namespace='class' AND name='Edge AI — Industrial Tier' ON CONFLICT DO NOTHING;
INSERT INTO asset_groups(asset_id,group_id) VALUES ('udm-pro-max','network') ON CONFLICT DO NOTHING;
INSERT INTO asset_tags(asset_id,tag_id) SELECT 'udm-pro-max',id FROM tags WHERE namespace='tag' AND name='unifi' ON CONFLICT DO NOTHING;
INSERT INTO asset_tags(asset_id,tag_id) SELECT 'udm-pro-max',id FROM tags WHERE namespace='tag' AND name='gateway' ON CONFLICT DO NOTHING;
INSERT INTO asset_tags(asset_id,tag_id) SELECT 'udm-pro-max',id FROM tags WHERE namespace='tag' AND name='homelab' ON CONFLICT DO NOTHING;
INSERT INTO asset_tags(asset_id,tag_id) SELECT 'udm-pro-max',id FROM tags WHERE namespace='class' AND name='Gateway · Controller' ON CONFLICT DO NOTHING;
INSERT INTO asset_groups(asset_id,group_id) VALUES ('unifi-aps','network') ON CONFLICT DO NOTHING;
INSERT INTO asset_tags(asset_id,tag_id) SELECT 'unifi-aps',id FROM tags WHERE namespace='tag' AND name='unifi' ON CONFLICT DO NOTHING;
INSERT INTO asset_tags(asset_id,tag_id) SELECT 'unifi-aps',id FROM tags WHERE namespace='tag' AND name='wifi' ON CONFLICT DO NOTHING;
INSERT INTO asset_tags(asset_id,tag_id) SELECT 'unifi-aps',id FROM tags WHERE namespace='tag' AND name='coverage' ON CONFLICT DO NOTHING;
INSERT INTO asset_tags(asset_id,tag_id) SELECT 'unifi-aps',id FROM tags WHERE namespace='class' AND name='Access Points' ON CONFLICT DO NOTHING;
INSERT INTO asset_groups(asset_id,group_id) VALUES ('unifi-cams','network') ON CONFLICT DO NOTHING;
INSERT INTO asset_tags(asset_id,tag_id) SELECT 'unifi-cams',id FROM tags WHERE namespace='tag' AND name='unifi' ON CONFLICT DO NOTHING;
INSERT INTO asset_tags(asset_id,tag_id) SELECT 'unifi-cams',id FROM tags WHERE namespace='tag' AND name='camera' ON CONFLICT DO NOTHING;
INSERT INTO asset_tags(asset_id,tag_id) SELECT 'unifi-cams',id FROM tags WHERE namespace='tag' AND name='ptz' ON CONFLICT DO NOTHING;
INSERT INTO asset_tags(asset_id,tag_id) SELECT 'unifi-cams',id FROM tags WHERE namespace='class' AND name='Surveillance' ON CONFLICT DO NOTHING;
INSERT INTO asset_groups(asset_id,group_id) VALUES ('home-assistant','home') ON CONFLICT DO NOTHING;
INSERT INTO asset_tags(asset_id,tag_id) SELECT 'home-assistant',id FROM tags WHERE namespace='tag' AND name='home-assistant' ON CONFLICT DO NOTHING;
INSERT INTO asset_tags(asset_id,tag_id) SELECT 'home-assistant',id FROM tags WHERE namespace='tag' AND name='thread' ON CONFLICT DO NOTHING;
INSERT INTO asset_tags(asset_id,tag_id) SELECT 'home-assistant',id FROM tags WHERE namespace='tag' AND name='automation' ON CONFLICT DO NOTHING;
INSERT INTO asset_tags(asset_id,tag_id) SELECT 'home-assistant',id FROM tags WHERE namespace='class' AND name='Automation Hub' ON CONFLICT DO NOTHING;
INSERT INTO asset_groups(asset_id,group_id) VALUES ('rog-kithara','audio') ON CONFLICT DO NOTHING;
INSERT INTO asset_tags(asset_id,tag_id) SELECT 'rog-kithara',id FROM tags WHERE namespace='tag' AND name='audio' ON CONFLICT DO NOTHING;
INSERT INTO asset_tags(asset_id,tag_id) SELECT 'rog-kithara',id FROM tags WHERE namespace='tag' AND name='headset' ON CONFLICT DO NOTHING;
INSERT INTO asset_tags(asset_id,tag_id) SELECT 'rog-kithara',id FROM tags WHERE namespace='tag' AND name='planar' ON CONFLICT DO NOTHING;
INSERT INTO asset_tags(asset_id,tag_id) SELECT 'rog-kithara',id FROM tags WHERE namespace='class' AND name='Open-back Planar Headset' ON CONFLICT DO NOTHING;
INSERT INTO asset_groups(asset_id,group_id) VALUES ('glinet-comet-q-gl-rmq1','network') ON CONFLICT DO NOTHING;
INSERT INTO asset_tags(asset_id,tag_id) SELECT 'glinet-comet-q-gl-rmq1',id FROM tags WHERE namespace='tag' AND name='kvm' ON CONFLICT DO NOTHING;
INSERT INTO asset_tags(asset_id,tag_id) SELECT 'glinet-comet-q-gl-rmq1',id FROM tags WHERE namespace='tag' AND name='usb-c' ON CONFLICT DO NOTHING;
INSERT INTO asset_tags(asset_id,tag_id) SELECT 'glinet-comet-q-gl-rmq1',id FROM tags WHERE namespace='tag' AND name='wifi-6' ON CONFLICT DO NOTHING;
INSERT INTO asset_tags(asset_id,tag_id) SELECT 'glinet-comet-q-gl-rmq1',id FROM tags WHERE namespace='tag' AND name='glinet' ON CONFLICT DO NOTHING;
INSERT INTO asset_tags(asset_id,tag_id) SELECT 'glinet-comet-q-gl-rmq1',id FROM tags WHERE namespace='tag' AND name='kickstarter' ON CONFLICT DO NOTHING;
INSERT INTO asset_tags(asset_id,tag_id) SELECT 'glinet-comet-q-gl-rmq1',id FROM tags WHERE namespace='category' AND name='Remote KVM' ON CONFLICT DO NOTHING;
INSERT INTO asset_groups(asset_id,group_id) VALUES ('glinet-comet-x-gl-rm4pe','network') ON CONFLICT DO NOTHING;
INSERT INTO asset_tags(asset_id,tag_id) SELECT 'glinet-comet-x-gl-rm4pe',id FROM tags WHERE namespace='tag' AND name='kvm' ON CONFLICT DO NOTHING;
INSERT INTO asset_tags(asset_id,tag_id) SELECT 'glinet-comet-x-gl-rm4pe',id FROM tags WHERE namespace='tag' AND name='rack' ON CONFLICT DO NOTHING;
INSERT INTO asset_tags(asset_id,tag_id) SELECT 'glinet-comet-x-gl-rm4pe',id FROM tags WHERE namespace='tag' AND name='poe' ON CONFLICT DO NOTHING;
INSERT INTO asset_tags(asset_id,tag_id) SELECT 'glinet-comet-x-gl-rm4pe',id FROM tags WHERE namespace='tag' AND name='homelab' ON CONFLICT DO NOTHING;
INSERT INTO asset_tags(asset_id,tag_id) SELECT 'glinet-comet-x-gl-rm4pe',id FROM tags WHERE namespace='tag' AND name='glinet' ON CONFLICT DO NOTHING;
INSERT INTO asset_tags(asset_id,tag_id) SELECT 'glinet-comet-x-gl-rm4pe',id FROM tags WHERE namespace='tag' AND name='kickstarter' ON CONFLICT DO NOTHING;
INSERT INTO asset_tags(asset_id,tag_id) SELECT 'glinet-comet-x-gl-rm4pe',id FROM tags WHERE namespace='category' AND name='Rack KVM' ON CONFLICT DO NOTHING;
INSERT INTO asset_groups(asset_id,group_id) VALUES ('lafaer-lwr02-presence-sensor','home') ON CONFLICT DO NOTHING;
INSERT INTO asset_tags(asset_id,tag_id) SELECT 'lafaer-lwr02-presence-sensor',id FROM tags WHERE namespace='tag' AND name='matter' ON CONFLICT DO NOTHING;
INSERT INTO asset_tags(asset_id,tag_id) SELECT 'lafaer-lwr02-presence-sensor',id FROM tags WHERE namespace='tag' AND name='thread' ON CONFLICT DO NOTHING;
INSERT INTO asset_tags(asset_id,tag_id) SELECT 'lafaer-lwr02-presence-sensor',id FROM tags WHERE namespace='tag' AND name='presence' ON CONFLICT DO NOTHING;
INSERT INTO asset_tags(asset_id,tag_id) SELECT 'lafaer-lwr02-presence-sensor',id FROM tags WHERE namespace='tag' AND name='mmwave' ON CONFLICT DO NOTHING;
INSERT INTO asset_tags(asset_id,tag_id) SELECT 'lafaer-lwr02-presence-sensor',id FROM tags WHERE namespace='tag' AND name='pir' ON CONFLICT DO NOTHING;
INSERT INTO asset_tags(asset_id,tag_id) SELECT 'lafaer-lwr02-presence-sensor',id FROM tags WHERE namespace='tag' AND name='home-assistant' ON CONFLICT DO NOTHING;
INSERT INTO asset_tags(asset_id,tag_id) SELECT 'lafaer-lwr02-presence-sensor',id FROM tags WHERE namespace='tag' AND name='kickstarter' ON CONFLICT DO NOTHING;
INSERT INTO asset_tags(asset_id,tag_id) SELECT 'lafaer-lwr02-presence-sensor',id FROM tags WHERE namespace='category' AND name='Presence Sensor' ON CONFLICT DO NOTHING;
INSERT INTO asset_tags(asset_id,tag_id) SELECT 'light-bar',id FROM tags WHERE namespace='category' AND name='Lighting' ON CONFLICT DO NOTHING;
INSERT INTO asset_tags(asset_id,tag_id) SELECT 'crawler-led-kit',id FROM tags WHERE namespace='category' AND name='Lighting' ON CONFLICT DO NOTHING;
INSERT INTO asset_tags(asset_id,tag_id) SELECT 'depth-cam',id FROM tags WHERE namespace='category' AND name='Sensing' ON CONFLICT DO NOTHING;
INSERT INTO asset_tags(asset_id,tag_id) SELECT 'standalone-lidar',id FROM tags WHERE namespace='category' AND name='Sensing' ON CONFLICT DO NOTHING;
INSERT INTO asset_tags(asset_id,tag_id) SELECT 'audeze-mm100',id FROM tags WHERE namespace='category' AND name='Audio' ON CONFLICT DO NOTHING;

-- hotspots + sockets
INSERT INTO hotspots(host_asset_id,code,label,x,y) VALUES ('beast','lighting','Top Deck / Sensor Mast',30,19);
INSERT INTO hotspots(host_asset_id,code,label,x,y) VALUES ('beast','compute','Host Controller Board',50,54);
INSERT INTO hotspots(host_asset_id,code,label,x,y) VALUES ('beast','power','Undercarriage Bay',50,79);
INSERT INTO hotspots(host_asset_id,code,label,x,y) VALUES ('beast','arm','Manipulator Arm Base',64,40);
INSERT INTO hotspots(host_asset_id,code,label,x,y) VALUES ('beast','driver','Driver Board I/O',40,48);
INSERT INTO sockets(host_asset_id,slot_group,name,hotspot_id,note) VALUES ('beast','Chassis Mounts','Host Controller Mount',(SELECT id FROM hotspots WHERE host_asset_id='beast' AND code='compute'),'Pi 5 removed 2026-07-22; Orin Nano Super fitting in progress');
INSERT INTO sockets(host_asset_id,slot_group,name,hotspot_id,note) VALUES ('beast','Chassis Mounts','21mm Picatinny Rail',(SELECT id FROM hotspots WHERE host_asset_id='beast' AND code='lighting'),'OAK-D Lite from the ACCE ROS2 kit');
INSERT INTO sockets(host_asset_id,slot_group,name,hotspot_id,note) VALUES ('beast','Chassis Mounts','Middle Deck',(SELECT id FROM hotspots WHERE host_asset_id='beast' AND code='compute'),'D500 360° LiDAR from the ACCE ROS2 kit');
INSERT INTO sockets(host_asset_id,slot_group,name,hotspot_id,note) VALUES ('beast','Chassis Mounts','1020 Aluminum Rails',(SELECT id FROM hotspots WHERE host_asset_id='beast' AND code='power'),'Sides. Accepts T-slot nuts for batteries, arms, brackets');
INSERT INTO sockets(host_asset_id,slot_group,name,hotspot_id,note) VALUES ('beast','Chassis Mounts','Undercarriage Bay',(SELECT id FROM hotspots WHERE host_asset_id='beast' AND code='power'),'Holds 3x 18650 UPS. Fits 3S LiPo packs');
INSERT INTO sockets(host_asset_id,slot_group,name,hotspot_id,note) VALUES ('beast','Driver Board Interfaces','XH2.54 Battery Input',(SELECT id FROM hotspots WHERE host_asset_id='beast' AND code='power'),'Wire in larger external 3S packs to bypass UPS');
INSERT INTO sockets(host_asset_id,slot_group,name,hotspot_id,note) VALUES ('beast','Driver Board Interfaces','Aux Interface (IO4/5)',(SELECT id FROM hotspots WHERE host_asset_id='beast' AND code='driver'),'High-current MOSFET switched for LEDs or payloads');
INSERT INTO sockets(host_asset_id,slot_group,name,hotspot_id,note) VALUES ('beast','Driver Board Interfaces','Serial Bus Servo',(SELECT id FROM hotspots WHERE host_asset_id='beast' AND code='arm'),'Stock ST3215 pan-tilt uses the servo bus; no manipulator arm is installed');
INSERT INTO sockets(host_asset_id,slot_group,name,hotspot_id,note) VALUES ('beast','Driver Board Interfaces','PWM Output Pins',(SELECT id FROM hotspots WHERE host_asset_id='beast' AND code='driver'),'Drives standard hobby servos or external motor controllers');
INSERT INTO sockets(host_asset_id,slot_group,name,hotspot_id,note) VALUES ('beast','Driver Board Interfaces','40-Pin GPIO Header',(SELECT id FROM hotspots WHERE host_asset_id='beast' AND code='driver'),'Re-exposes unused Pi/Jetson pins for external HATs');
INSERT INTO sockets(host_asset_id,slot_group,name,hotspot_id,note) VALUES ('beast','Driver Board Interfaces','USB HUB / Type-C',(SELECT id FROM hotspots WHERE host_asset_id='beast' AND code='compute'),'Accepts 4G/5G modems, receivers, or host-slave bypass');
INSERT INTO sockets(host_asset_id,slot_group,name,hotspot_id,note) VALUES ('beast','Driver Board Interfaces','Audio Expansion',(SELECT id FROM hotspots WHERE host_asset_id='beast' AND code='driver'),'3.5mm AUX, dual speaker/mic headers for TTS/spatial audio');
INSERT INTO sockets(host_asset_id,slot_group,name,hotspot_id,note) VALUES ('beast','Driver Board Interfaces','LiDAR UART Port',(SELECT id FROM hotspots WHERE host_asset_id='beast' AND code='driver'),'D500/STL-19P UART routed to the host over USB');
INSERT INTO sockets(host_asset_id,slot_group,name,hotspot_id,note) VALUES ('beast','Driver Board Interfaces','TF (MicroSD) Slot',(SELECT id FROM hotspots WHERE host_asset_id='beast' AND code='driver'),'Standalone data logging directly to ESP32 sub-controller');
INSERT INTO sockets(host_asset_id,slot_group,name,hotspot_id,note) VALUES ('beast','Driver Board Interfaces','Display Header',(SELECT id FROM hotspots WHERE host_asset_id='beast' AND code='driver'),'Drives 0.91"/0.96" OLED for voltage/IP telemetry');
INSERT INTO sockets(host_asset_id,slot_group,name,hotspot_id,note) VALUES ('beast','Driver Board Interfaces','Power Output Pins',(SELECT id FROM hotspots WHERE host_asset_id='beast' AND code='driver'),'Raw 5V/3.3V out for independent MCUs or sensors');

-- interface_types + socket_accepts + asset_interfaces (loadout candidacy demo)
INSERT INTO interface_types(id,name,kind,note) VALUES ('host-mount','Host Controller Mount','mechanical','SBC/edge host carrier mount');
INSERT INTO interface_types(id,name,kind,note) VALUES ('serial-bus-servo','Serial Bus Servo','data','ST3215/ST3235 daisy-chain');
INSERT INTO interface_types(id,name,kind,note) VALUES ('ups-bay','Undercarriage UPS Bay','power','3x18650 / 3S pack bay');
INSERT INTO interface_types(id,name,kind,note) VALUES ('i2c-display','I²C Display Header','data','0.91/0.96in OLED');
INSERT INTO interface_types(id,name,kind,note) VALUES ('sensor-rail','Sensor Rail Mount','mechanical','Top-deck accessory rail');
INSERT INTO interface_types(id,name,kind,note) VALUES ('sensor-deck','Sensor Deck Mount','mechanical','Middle-deck sensor plate');
INSERT INTO interface_types(id,name,kind,note) VALUES ('lidar-uart','LiDAR UART','data','LiDAR UART routed to host USB');
INSERT INTO socket_accepts(socket_id,interface_type_id) SELECT id,'host-mount' FROM sockets WHERE host_asset_id='beast' AND name='Host Controller Mount' ON CONFLICT DO NOTHING;
INSERT INTO socket_accepts(socket_id,interface_type_id) SELECT id,'serial-bus-servo' FROM sockets WHERE host_asset_id='beast' AND name='Serial Bus Servo' ON CONFLICT DO NOTHING;
INSERT INTO socket_accepts(socket_id,interface_type_id) SELECT id,'ups-bay' FROM sockets WHERE host_asset_id='beast' AND name='Undercarriage Bay' ON CONFLICT DO NOTHING;
INSERT INTO socket_accepts(socket_id,interface_type_id) SELECT id,'i2c-display' FROM sockets WHERE host_asset_id='beast' AND name='Display Header' ON CONFLICT DO NOTHING;
INSERT INTO socket_accepts(socket_id,interface_type_id) SELECT id,'sensor-rail' FROM sockets WHERE host_asset_id='beast' AND name='21mm Picatinny Rail' ON CONFLICT DO NOTHING;
INSERT INTO socket_accepts(socket_id,interface_type_id) SELECT id,'sensor-deck' FROM sockets WHERE host_asset_id='beast' AND name='Middle Deck' ON CONFLICT DO NOTHING;
INSERT INTO socket_accepts(socket_id,interface_type_id) SELECT id,'lidar-uart' FROM sockets WHERE host_asset_id='beast' AND name='LiDAR UART Port' ON CONFLICT DO NOTHING;
INSERT INTO asset_interfaces(asset_id,interface_type_id) VALUES ('pi5','host-mount') ON CONFLICT DO NOTHING;
INSERT INTO asset_interfaces(asset_id,interface_type_id) VALUES ('orin-nano','host-mount') ON CONFLICT DO NOTHING;
INSERT INTO asset_interfaces(asset_id,interface_type_id) VALUES ('stock-ups','ups-bay') ON CONFLICT DO NOTHING;
INSERT INTO asset_interfaces(asset_id,interface_type_id) VALUES ('oak-d-lite','sensor-rail') ON CONFLICT DO NOTHING;
INSERT INTO asset_interfaces(asset_id,interface_type_id) VALUES ('d500-lidar','sensor-deck') ON CONFLICT DO NOTHING;
INSERT INTO asset_interfaces(asset_id,interface_type_id) VALUES ('d500-lidar','lidar-uart') ON CONFLICT DO NOTHING;

-- loadout_assignments
INSERT INTO loadout_assignments(socket_id,asset_id,interface_type_id) SELECT id,'oak-d-lite','sensor-rail' FROM sockets WHERE host_asset_id='beast' AND name='21mm Picatinny Rail' ON CONFLICT DO NOTHING;
INSERT INTO loadout_assignments(socket_id,asset_id,interface_type_id) SELECT id,'d500-lidar','sensor-deck' FROM sockets WHERE host_asset_id='beast' AND name='Middle Deck' ON CONFLICT DO NOTHING;
INSERT INTO loadout_assignments(socket_id,asset_id,interface_type_id) SELECT id,'stock-ups','ups-bay' FROM sockets WHERE host_asset_id='beast' AND name='Undercarriage Bay' ON CONFLICT DO NOTHING;
INSERT INTO loadout_assignments(socket_id,asset_id,interface_type_id) SELECT id,'d500-lidar','lidar-uart' FROM sockets WHERE host_asset_id='beast' AND name='LiDAR UART Port' ON CONFLICT DO NOTHING;

-- missions + requisitions + objectives + constraints
INSERT INTO missions(id,code,name,status,objective,environment) VALUES ('undercroft','MSN-01','Mission: Undercroft','planning','Haul Cat6 cable ends through the crawlspace by remote-piloting the Beast.','Large crawlspace — walkable semi-crouched. Open but for support pillars, pipes, and ductwork (the Beast generally passes under). Low light. Dusty.');
INSERT INTO mission_requisitions(mission_id,asset_id) VALUES ('undercroft','beast') ON CONFLICT DO NOTHING;
INSERT INTO mission_requisitions(mission_id,asset_id) VALUES ('undercroft','workstation') ON CONFLICT DO NOTHING;
INSERT INTO mission_objectives(mission_id,text,done) VALUES ('undercroft','Fit offset flood lighting (not lens-adjacent)',false);
INSERT INTO mission_objectives(mission_id,text,done) VALUES ('undercroft','Verify WiFi 6 coverage under the house',false);
INSERT INTO mission_objectives(mission_id,text,done) VALUES ('undercroft','Arm the stale-command watchdog on the Pi/ESP32',false);
INSERT INTO mission_objectives(mission_id,text,done) VALUES ('undercroft','Dry-run teleop path around pillars + ductwork',false);
INSERT INTO mission_objectives(mission_id,text,done) VALUES ('undercroft','Execute cable haul',false);
INSERT INTO mission_constraints(mission_id,label,value,budget,unit) VALUES ('undercroft','Onboard Power',22,25,'W');
INSERT INTO mission_constraints(mission_id,label,value,budget,unit) VALUES ('undercroft','Payload',380,500,'g');
INSERT INTO mission_constraints(mission_id,label,value,budget,unit) VALUES ('undercroft','Loadout Cost',35,120,'$');
INSERT INTO mission_after_actions(mission_id,position,text) VALUES ('undercroft',0,'2026-07-01 OP-BEAST-CONTACT: Pi web UI, JupyterLab, Socket.IO command channel, and telemetry verified at 192.168.20.184. beast.local did not resolve from icarus-laptop; use the fixed IP until DNS/mDNS is repaired. Sent zero-speed stop only; no drive nudge performed.') ON CONFLICT DO NOTHING;
INSERT INTO mission_after_actions(mission_id,position,text) VALUES ('undercroft',1,'2026-07-22 OP-ORIN-GAP: Raspberry Pi 5 removed; host mount empty mid Orin Nano cutover. No upper-computer teleop until Jetson is fitted. Operator notes Beast is slow and hard-stopping — remote + on-device control are both viable after host restore.') ON CONFLICT DO NOTHING;
INSERT INTO missions(id,code,name,status,objective,environment) VALUES ('perimeter-mapping','MSN-02','Perimeter Mapping','standby','Build a fused map of the property perimeter for future autonomy.','Outdoor, variable light, longer range.');
INSERT INTO mission_requisitions(mission_id,asset_id) VALUES ('perimeter-mapping','beast') ON CONFLICT DO NOTHING;
INSERT INTO mission_objectives(mission_id,text,done) VALUES ('perimeter-mapping','Select sensing path (depth cam vs LiDAR)',false);
INSERT INTO mission_objectives(mission_id,text,done) VALUES ('perimeter-mapping','Solve calibration + time-sync burden',false);
INSERT INTO mission_constraints(mission_id,label,value,budget,unit) VALUES ('perimeter-mapping','Onboard Power',0,25,'W');
INSERT INTO mission_constraints(mission_id,label,value,budget,unit) VALUES ('perimeter-mapping','Payload',0,500,'g');
INSERT INTO mission_constraints(mission_id,label,value,budget,unit) VALUES ('perimeter-mapping','Loadout Cost',0,600,'$');
INSERT INTO missions(id,code,name,status,objective,environment) VALUES ('pool-deck-patrol','MSN-03','Pool Deck Patrol','standby','Map safe, supervised rover lanes around the pool deck before any patrol or automation loop is trusted near water.',NULL);
INSERT INTO mission_requisitions(mission_id,asset_id) VALUES ('pool-deck-patrol','beast') ON CONFLICT DO NOTHING;
INSERT INTO mission_objectives(mission_id,text,done) VALUES ('pool-deck-patrol','Mark pool-edge exclusion zones and patio pinch points',false);
INSERT INTO mission_objectives(mission_id,text,done) VALUES ('pool-deck-patrol','Verify low-speed teleop path with manual stop coverage',false);
INSERT INTO mission_objectives(mission_id,text,done) VALUES ('pool-deck-patrol','Capture deck lighting, glare, and WiFi notes for camera placement',false);
INSERT INTO mission_constraints(mission_id,label,value,budget,unit) VALUES ('pool-deck-patrol','Onboard Power',0,25,'W');
INSERT INTO mission_constraints(mission_id,label,value,budget,unit) VALUES ('pool-deck-patrol','Payload',0,500,'g');
INSERT INTO mission_constraints(mission_id,label,value,budget,unit) VALUES ('pool-deck-patrol','Loadout Cost',0,300,'$');

-- capabilities + deps + asset_capabilities
INSERT INTO capabilities(id,name,description,unlocked) VALUES ('teleop','Remote Teleoperation','FPV remote piloting with onboard I/O on the Jetson Orin host and PID on the ESP32. Offline while the host mount is empty mid-cutover.',false);
INSERT INTO capabilities(id,name,description,unlocked) VALUES ('night-ops','Low-Light / Night Ops','Offset flood lighting enables piloting in dark, dusty spaces without backscatter washout.',false);
INSERT INTO capabilities(id,name,description,unlocked) VALUES ('crawlspace-ops','Crawlspace Operations','Navigate under pillars, pipes, and ductwork in tight, low-clearance environments.',true);
INSERT INTO capabilities(id,name,description,unlocked) VALUES ('gpu-offload','Off-board GPU Offload','Stream observations to the 5090 over WiFi 6; receive actions/perception back. On BEAST, remote closed-loop is first-class alongside on-device Orin inference.',true);
INSERT INTO capabilities(id,name,description,unlocked) VALUES ('policy-training','Policy Training','Train / fine-tune learned policies off-board on the 5090, deploy to the edge.',true);
INSERT INTO capabilities(id,name,description,unlocked) VALUES ('onboard-autonomy','Dropout-Proof Onboard Autonomy','In-motion autonomy that survives a WiFi dropout — needs a CUDA brain on the rover (Orin).',false);
INSERT INTO capabilities(id,name,description,unlocked) VALUES ('rgbd-perception','Fused RGB-D Perception','Registered colour + depth out of the box, zero calibration burden.',false);
INSERT INTO capabilities(id,name,description,unlocked) VALUES ('long-range-mapping','Long-Range Mapping','Standalone LiDAR geometry at range — gated behind calibration + time-sync work.',false);
INSERT INTO asset_capabilities(asset_id,capability_id) VALUES ('beast','teleop') ON CONFLICT DO NOTHING;
INSERT INTO asset_capabilities(asset_id,capability_id) VALUES ('orin-nano','teleop') ON CONFLICT DO NOTHING;
INSERT INTO asset_capabilities(asset_id,capability_id) VALUES ('light-bar','night-ops') ON CONFLICT DO NOTHING;
INSERT INTO asset_capabilities(asset_id,capability_id) VALUES ('beast','crawlspace-ops') ON CONFLICT DO NOTHING;
INSERT INTO asset_capabilities(asset_id,capability_id) VALUES ('workstation','gpu-offload') ON CONFLICT DO NOTHING;
INSERT INTO asset_capabilities(asset_id,capability_id) VALUES ('udm-pro-max','gpu-offload') ON CONFLICT DO NOTHING;
INSERT INTO asset_capabilities(asset_id,capability_id) VALUES ('unifi-aps','gpu-offload') ON CONFLICT DO NOTHING;
INSERT INTO asset_capabilities(asset_id,capability_id) VALUES ('workstation','policy-training') ON CONFLICT DO NOTHING;
INSERT INTO capability_deps(capability_id,depends_on_id) VALUES ('onboard-autonomy','gpu-offload') ON CONFLICT DO NOTHING;
INSERT INTO asset_capabilities(asset_id,capability_id) VALUES ('orin-nano','onboard-autonomy') ON CONFLICT DO NOTHING;
INSERT INTO capability_deps(capability_id,depends_on_id) VALUES ('rgbd-perception','teleop') ON CONFLICT DO NOTHING;
INSERT INTO asset_capabilities(asset_id,capability_id) VALUES ('depth-cam','rgbd-perception') ON CONFLICT DO NOTHING;
INSERT INTO capability_deps(capability_id,depends_on_id) VALUES ('long-range-mapping','teleop') ON CONFLICT DO NOTHING;
INSERT INTO asset_capabilities(asset_id,capability_id) VALUES ('standalone-lidar','long-range-mapping') ON CONFLICT DO NOTHING;

-- wishlist_meta
INSERT INTO wishlist_meta(asset_id,asset_lifecycle,rationale,unlocks_capability_id,risk_note,for_asset_id,for_mission_id) VALUES ('light-bar','wishlist','Wide flood, rugged, 2S–3S input — runs off the battery rail, not the Pi. Mount forward + angled down ~15–20° to light the floor without blasting dust at lens level.','night-ops','Import variants vary in driver quality; verify 3S rating.','beast','undercroft');
INSERT INTO wishlist_meta(asset_id,asset_lifecycle,rationale,unlocks_capability_id,risk_note,for_asset_id,for_mission_id) VALUES ('crawler-led-kit','wishlist','Cheapest path — multiple small LEDs you can place and offset individually off the lens axis.','night-ops',NULL,'beast','undercroft');
INSERT INTO wishlist_meta(asset_id,asset_lifecycle,rationale,unlocks_capability_id,risk_note,for_asset_id,for_mission_id) VALUES ('depth-cam','wishlist','Factory-calibrated RGB-D on one USB stream — erases camera intrinsics, extrinsics, and time-sync work. Computes depth onboard, so the host streams it without a GPU. The "reach high but solve power" first step.','rgbd-perception','Compromises max range vs standalone LiDAR.','beast','perimeter-mapping');
INSERT INTO wishlist_meta(asset_id,asset_lifecycle,rationale,unlocks_capability_id,risk_note,for_asset_id,for_mission_id) VALUES ('standalone-lidar','wishlist','Mind-blowing range/coverage but LiDAR-only. Adds extrinsic calibration + time-sync burden, and more total draw — compounds the Pi power problem. Defer until the pipeline exists.','long-range-mapping','Calibration + time-sync + power burden; drifts with vibration on a tracked base.','beast',NULL);
INSERT INTO wishlist_meta(asset_id,asset_lifecycle,rationale,unlocks_capability_id,risk_note,for_asset_id,for_mission_id) VALUES ('audeze-mm100','wishlist','Top of the Audio Lab planar wishlist.',NULL,NULL,'rog-kithara',NULL);

-- insights + junctions
INSERT INTO insights(id,title,body,confidence,source,captured_at) VALUES ('dust-backscatter','Offset lights from the camera lens','In a dusty crawlspace, a light next to the lens illuminates floating dust between camera and target — driving in glowing fog. Mount low/forward, angled down, or off to the side; favour wide flood over spot to avoid hot centres and glare off galvanized duct.','high',NULL,'2026-05-31');
INSERT INTO insight_assets(insight_id,asset_id) VALUES ('dust-backscatter','beast') ON CONFLICT DO NOTHING;
INSERT INTO insight_missions(insight_id,mission_id) VALUES ('dust-backscatter','undercroft') ON CONFLICT DO NOTHING;
INSERT INTO insight_tags(insight_id,tag_id) SELECT 'dust-backscatter',id FROM tags WHERE namespace='tag' AND name='lighting' ON CONFLICT DO NOTHING;
INSERT INTO insight_tags(insight_id,tag_id) SELECT 'dust-backscatter',id FROM tags WHERE namespace='tag' AND name='fpv' ON CONFLICT DO NOTHING;
INSERT INTO insight_tags(insight_id,tag_id) SELECT 'dust-backscatter',id FROM tags WHERE namespace='tag' AND name='crawlspace' ON CONFLICT DO NOTHING;
INSERT INTO insights(id,title,body,confidence,source,captured_at) VALUES ('power-rail','Power lights off the battery rail, not the Pi','RC crawler lights are rated 2S–3S, so they run straight off the ~11.1V pack through the driver board — drawing nothing from the constrained 5V/5A Pi rail. The elegant option is also the power-friendly one.','high',NULL,'2026-05-31');
INSERT INTO insight_assets(insight_id,asset_id) VALUES ('power-rail','beast') ON CONFLICT DO NOTHING;
INSERT INTO insight_assets(insight_id,asset_id) VALUES ('power-rail','pi5') ON CONFLICT DO NOTHING;
INSERT INTO insight_missions(insight_id,mission_id) VALUES ('power-rail','undercroft') ON CONFLICT DO NOTHING;
INSERT INTO insight_tags(insight_id,tag_id) SELECT 'power-rail',id FROM tags WHERE namespace='tag' AND name='power' ON CONFLICT DO NOTHING;
INSERT INTO insight_tags(insight_id,tag_id) SELECT 'power-rail',id FROM tags WHERE namespace='tag' AND name='lighting' ON CONFLICT DO NOTHING;
INSERT INTO insights(id,title,body,confidence,source,captured_at) VALUES ('watchdog','Stale-command watchdog beats latency worries','The risk on WiFi is the tail, not the median. A cheap onboard reflex — "no fresh command in N ms → stop or coast" — turns a dropped packet into a brief pause instead of a crash. Lives on the Pi/ESP32, never depends on the link.','high',NULL,'2026-05-31');
INSERT INTO insight_assets(insight_id,asset_id) VALUES ('watchdog','beast') ON CONFLICT DO NOTHING;
INSERT INTO insight_assets(insight_id,asset_id) VALUES ('watchdog','pi5') ON CONFLICT DO NOTHING;
INSERT INTO insight_missions(insight_id,mission_id) VALUES ('watchdog','undercroft') ON CONFLICT DO NOTHING;
INSERT INTO insight_tags(insight_id,tag_id) SELECT 'watchdog',id FROM tags WHERE namespace='tag' AND name='safety' ON CONFLICT DO NOTHING;
INSERT INTO insight_tags(insight_id,tag_id) SELECT 'watchdog',id FROM tags WHERE namespace='tag' AND name='offload' ON CONFLICT DO NOTHING;
INSERT INTO insight_tags(insight_id,tag_id) SELECT 'watchdog',id FROM tags WHERE namespace='tag' AND name='control' ON CONFLICT DO NOTHING;
INSERT INTO insights(id,title,body,confidence,source,captured_at) VALUES ('wifi-tail','WiFi 6 median is great; the tail is the enemy','Local 5GHz / WiFi 6 gives 2–10 ms round trips, low-tens under contention — fine even for tight loops. The danger is the occasional 200 ms stall or half-second gap from roaming, contention, or noise. Design for the worst packet in the window.','high',NULL,'2026-05-31');
INSERT INTO insight_assets(insight_id,asset_id) VALUES ('wifi-tail','workstation') ON CONFLICT DO NOTHING;
INSERT INTO insight_assets(insight_id,asset_id) VALUES ('wifi-tail','unifi-aps') ON CONFLICT DO NOTHING;
INSERT INTO insight_tags(insight_id,tag_id) SELECT 'wifi-tail',id FROM tags WHERE namespace='tag' AND name='network' ON CONFLICT DO NOTHING;
INSERT INTO insight_tags(insight_id,tag_id) SELECT 'wifi-tail',id FROM tags WHERE namespace='tag' AND name='latency' ON CONFLICT DO NOTHING;
INSERT INTO insight_tags(insight_id,tag_id) SELECT 'wifi-tail',id FROM tags WHERE namespace='tag' AND name='offload' ON CONFLICT DO NOTHING;
INSERT INTO insights(id,title,body,confidence,source,captured_at) VALUES ('video-device-path','Camera device paths can move after reboot','BEAST-01 video failed when the USB camera re-enumerated and Waveshare code kept opening hardcoded camera index 0. Use the stable /dev/v4l/by-id video-index0 path, or scan /dev/video* for the first readable capture device, then restart only the Flask app.','high',NULL,'2026-06-30');
INSERT INTO insight_assets(insight_id,asset_id) VALUES ('video-device-path','beast') ON CONFLICT DO NOTHING;
INSERT INTO insight_assets(insight_id,asset_id) VALUES ('video-device-path','pi5') ON CONFLICT DO NOTHING;
INSERT INTO insight_missions(insight_id,mission_id) VALUES ('video-device-path','undercroft') ON CONFLICT DO NOTHING;
INSERT INTO insight_tags(insight_id,tag_id) SELECT 'video-device-path',id FROM tags WHERE namespace='tag' AND name='fpv' ON CONFLICT DO NOTHING;
INSERT INTO insight_tags(insight_id,tag_id) SELECT 'video-device-path',id FROM tags WHERE namespace='tag' AND name='camera' ON CONFLICT DO NOTHING;
INSERT INTO insight_tags(insight_id,tag_id) SELECT 'video-device-path',id FROM tags WHERE namespace='tag' AND name='operations' ON CONFLICT DO NOTHING;
INSERT INTO insights(id,title,body,confidence,source,captured_at) VALUES ('beast-socket-control','Use Socket.IO and raw IP for BEAST control','On 2026-07-01, BEAST-01 answered at 192.168.20.184 with the Waveshare web UI, JupyterLab, Socket.IO /json control, and /ctrl telemetry. beast.local did not resolve from icarus-laptop, and the older /js?json HTTP helper returned 404 on this Pi build. Use tools/beast-probe.mjs for the safe zero-speed control check; only use its nudge mode when physically with the robot.','high','Live BEAST-01 probe from icarus-laptop','2026-07-01');
INSERT INTO insight_assets(insight_id,asset_id) VALUES ('beast-socket-control','beast') ON CONFLICT DO NOTHING;
INSERT INTO insight_assets(insight_id,asset_id) VALUES ('beast-socket-control','pi5') ON CONFLICT DO NOTHING;
INSERT INTO insight_missions(insight_id,mission_id) VALUES ('beast-socket-control','undercroft') ON CONFLICT DO NOTHING;
INSERT INTO insight_tags(insight_id,tag_id) SELECT 'beast-socket-control',id FROM tags WHERE namespace='tag' AND name='beast' ON CONFLICT DO NOTHING;
INSERT INTO insight_tags(insight_id,tag_id) SELECT 'beast-socket-control',id FROM tags WHERE namespace='tag' AND name='control' ON CONFLICT DO NOTHING;
INSERT INTO insight_tags(insight_id,tag_id) SELECT 'beast-socket-control',id FROM tags WHERE namespace='tag' AND name='telemetry' ON CONFLICT DO NOTHING;
INSERT INTO insight_tags(insight_id,tag_id) SELECT 'beast-socket-control',id FROM tags WHERE namespace='tag' AND name='network' ON CONFLICT DO NOTHING;
INSERT INTO insights(id,title,body,confidence,source,captured_at) VALUES ('offload-split','Train heavy offboard; run Beast control where it fits','CORE-PRIME is still the training / heavy-VLM box. On BEAST, operator override 2026-07-22: remote closed-loop and lightweight on-device inference (terrain alignment, obstacle avoidance) are both fine — the rover is slow and stops in time. Keep motor PID + stale-command watchdog as hard fail-safes. Rejected: treating avoidance or visual steering as forbidden over WiFi or “too late to stop.”','high','Operator correction 2026-07-22','2026-07-22');
INSERT INTO insight_assets(insight_id,asset_id) VALUES ('offload-split','workstation') ON CONFLICT DO NOTHING;
INSERT INTO insight_assets(insight_id,asset_id) VALUES ('offload-split','beast') ON CONFLICT DO NOTHING;
INSERT INTO insight_assets(insight_id,asset_id) VALUES ('offload-split','orin-nano') ON CONFLICT DO NOTHING;
INSERT INTO insight_tags(insight_id,tag_id) SELECT 'offload-split',id FROM tags WHERE namespace='tag' AND name='architecture' ON CONFLICT DO NOTHING;
INSERT INTO insight_tags(insight_id,tag_id) SELECT 'offload-split',id FROM tags WHERE namespace='tag' AND name='offload' ON CONFLICT DO NOTHING;
INSERT INTO insight_tags(insight_id,tag_id) SELECT 'offload-split',id FROM tags WHERE namespace='tag' AND name='autonomy' ON CONFLICT DO NOTHING;
INSERT INTO insight_tags(insight_id,tag_id) SELECT 'offload-split',id FROM tags WHERE namespace='tag' AND name='decision' ON CONFLICT DO NOTHING;
INSERT INTO insights(id,title,body,confidence,source,captured_at) VALUES ('depth-onboard','Integrated depth cameras compute depth onboard','An integrated RGB-D camera ships factory-calibrated and computes depth on-device, so the Pi can stream fused RGB-D without a GPU — erasing intrinsics, extrinsics, and time-sync from the to-do list.','high',NULL,'2026-05-31');
INSERT INTO insight_assets(insight_id,asset_id) VALUES ('depth-onboard','beast') ON CONFLICT DO NOTHING;
INSERT INTO insight_missions(insight_id,mission_id) VALUES ('depth-onboard','perimeter-mapping') ON CONFLICT DO NOTHING;
INSERT INTO insight_tags(insight_id,tag_id) SELECT 'depth-onboard',id FROM tags WHERE namespace='tag' AND name='sensing' ON CONFLICT DO NOTHING;
INSERT INTO insight_tags(insight_id,tag_id) SELECT 'depth-onboard',id FROM tags WHERE namespace='tag' AND name='calibration' ON CONFLICT DO NOTHING;
INSERT INTO insights(id,title,body,confidence,source,captured_at) VALUES ('calibration-burden','Separate camera + LiDAR = real calibration burden','You produce a 6-DOF rigid transform plus time sync. Sleeper problems: time sync (independent clocks smear points in motion) and drift (vibration + thermal cycling walk the extrinsic off true — worse on a tracked base). Standalone LiDAR also adds power draw.','high','koide3/direct_visual_lidar_calibration','2026-05-31');
INSERT INTO insight_assets(insight_id,asset_id) VALUES ('calibration-burden','beast') ON CONFLICT DO NOTHING;
INSERT INTO insight_missions(insight_id,mission_id) VALUES ('calibration-burden','perimeter-mapping') ON CONFLICT DO NOTHING;
INSERT INTO insight_tags(insight_id,tag_id) SELECT 'calibration-burden',id FROM tags WHERE namespace='tag' AND name='sensing' ON CONFLICT DO NOTHING;
INSERT INTO insight_tags(insight_id,tag_id) SELECT 'calibration-burden',id FROM tags WHERE namespace='tag' AND name='calibration' ON CONFLICT DO NOTHING;
INSERT INTO insight_tags(insight_id,tag_id) SELECT 'calibration-burden',id FROM tags WHERE namespace='tag' AND name='lidar' ON CONFLICT DO NOTHING;
INSERT INTO insights(id,title,body,confidence,source,captured_at) VALUES ('orin-tier','Orin Nano is the stable mainstream entry tier','NVIDIA gave Orin the free "Super" boost and extended its lifecycle through 2032. Buying an Orin Nano Super now is not buying into something about to be discontinued — it is the mainstream tier for years.','high',NULL,'2026-05-31');
INSERT INTO insight_assets(insight_id,asset_id) VALUES ('orin-tier','orin-nano') ON CONFLICT DO NOTHING;
INSERT INTO insight_tags(insight_id,tag_id) SELECT 'orin-tier',id FROM tags WHERE namespace='tag' AND name='compute' ON CONFLICT DO NOTHING;
INSERT INTO insight_tags(insight_id,tag_id) SELECT 'orin-tier',id FROM tags WHERE namespace='tag' AND name='jetson' ON CONFLICT DO NOTHING;
INSERT INTO insights(id,title,body,confidence,source,captured_at) VALUES ('blackwell-gap','No Blackwell Nano exists — yet','Blackwell in Jetson is top-end only (Thor T4000/T5000). The Nano/NX tiers are still Ampere. The genuinely Blackwell option you already own is the 5090 — which is exactly why offload-over-WiFi is worth taking seriously.','high',NULL,'2026-05-31');
INSERT INTO insight_assets(insight_id,asset_id) VALUES ('blackwell-gap','orin-nano') ON CONFLICT DO NOTHING;
INSERT INTO insight_assets(insight_id,asset_id) VALUES ('blackwell-gap','jetson-thor') ON CONFLICT DO NOTHING;
INSERT INTO insight_assets(insight_id,asset_id) VALUES ('blackwell-gap','workstation') ON CONFLICT DO NOTHING;
INSERT INTO insight_tags(insight_id,tag_id) SELECT 'blackwell-gap',id FROM tags WHERE namespace='tag' AND name='compute' ON CONFLICT DO NOTHING;
INSERT INTO insight_tags(insight_id,tag_id) SELECT 'blackwell-gap',id FROM tags WHERE namespace='tag' AND name='jetson' ON CONFLICT DO NOTHING;
INSERT INTO insight_tags(insight_id,tag_id) SELECT 'blackwell-gap',id FROM tags WHERE namespace='tag' AND name='blackwell' ON CONFLICT DO NOTHING;
INSERT INTO insights(id,title,body,confidence,source,captured_at) VALUES ('thor-tier','Thor is industrial-tier, wrong size for a rover','Thor (T4000/T5000) targets humanoids and warehouse AMRs that must run large VLA models fully onboard with the power budget to carry a 40–130 W brain. A tracked hobby rover within AP range is not that animal.','high',NULL,'2026-05-31');
INSERT INTO insight_assets(insight_id,asset_id) VALUES ('thor-tier','jetson-thor') ON CONFLICT DO NOTHING;
INSERT INTO insight_tags(insight_id,tag_id) SELECT 'thor-tier',id FROM tags WHERE namespace='tag' AND name='compute' ON CONFLICT DO NOTHING;
INSERT INTO insight_tags(insight_id,tag_id) SELECT 'thor-tier',id FROM tags WHERE namespace='tag' AND name='jetson' ON CONFLICT DO NOTHING;
INSERT INTO insight_tags(insight_id,tag_id) SELECT 'thor-tier',id FROM tags WHERE namespace='tag' AND name='tiering' ON CONFLICT DO NOTHING;
INSERT INTO insights(id,title,body,confidence,source,captured_at) VALUES ('lerobot-optional','LeRobot is an option, not the platform','LeRobot is software you would deliberately install for learned manipulation (ACT, SmolVLA, π0) — not hardware branding you already own. It only matters if the goal becomes the arm learning from demonstrations, versus classical CV + teleop.','medium',NULL,'2026-05-31');
INSERT INTO insight_tags(insight_id,tag_id) SELECT 'lerobot-optional',id FROM tags WHERE namespace='tag' AND name='software' ON CONFLICT DO NOTHING;
INSERT INTO insight_tags(insight_id,tag_id) SELECT 'lerobot-optional',id FROM tags WHERE namespace='tag' AND name='policy' ON CONFLICT DO NOTHING;
INSERT INTO insight_tags(insight_id,tag_id) SELECT 'lerobot-optional',id FROM tags WHERE namespace='tag' AND name='decision' ON CONFLICT DO NOTHING;
INSERT INTO insights(id,title,body,confidence,source,captured_at) VALUES ('robot-llm-lanes','Robot-control LLMs are three lanes, not one buy','Split the space: (A) language orchestrators → goals, (B) VLA/imitation closed-loop drive, (C) world action models (Cosmos 3 Edge). Autonomy in scope (G7). On Beast: remote closed-loop, on-device lightweight terrain alignment/avoidance, and heavier Orin/5090 policies are all fine — it stops in time. Keep PID/watchdog; reject stop-in-time and “avoidance forbidden” refusals. Post-train for tracks, not stock DROID arms.','high','docs/plans/2026-07-22-robot-control-llms-briefing.md; https://huggingface.co/blog/nvidia/cosmos3edge','2026-07-22');
INSERT INTO insight_assets(insight_id,asset_id) VALUES ('robot-llm-lanes','beast') ON CONFLICT DO NOTHING;
INSERT INTO insight_assets(insight_id,asset_id) VALUES ('robot-llm-lanes','workstation') ON CONFLICT DO NOTHING;
INSERT INTO insight_assets(insight_id,asset_id) VALUES ('robot-llm-lanes','orin-nano') ON CONFLICT DO NOTHING;
INSERT INTO insight_assets(insight_id,asset_id) VALUES ('robot-llm-lanes','jetson-thor') ON CONFLICT DO NOTHING;
INSERT INTO insight_missions(insight_id,mission_id) VALUES ('robot-llm-lanes','undercroft') ON CONFLICT DO NOTHING;
INSERT INTO insight_tags(insight_id,tag_id) SELECT 'robot-llm-lanes',id FROM tags WHERE namespace='tag' AND name='llm' ON CONFLICT DO NOTHING;
INSERT INTO insight_tags(insight_id,tag_id) SELECT 'robot-llm-lanes',id FROM tags WHERE namespace='tag' AND name='vla' ON CONFLICT DO NOTHING;
INSERT INTO insight_tags(insight_id,tag_id) SELECT 'robot-llm-lanes',id FROM tags WHERE namespace='tag' AND name='cosmos' ON CONFLICT DO NOTHING;
INSERT INTO insight_tags(insight_id,tag_id) SELECT 'robot-llm-lanes',id FROM tags WHERE namespace='tag' AND name='policy' ON CONFLICT DO NOTHING;
INSERT INTO insight_tags(insight_id,tag_id) SELECT 'robot-llm-lanes',id FROM tags WHERE namespace='tag' AND name='architecture' ON CONFLICT DO NOTHING;
INSERT INTO insight_tags(insight_id,tag_id) SELECT 'robot-llm-lanes',id FROM tags WHERE namespace='tag' AND name='decision' ON CONFLICT DO NOTHING;
INSERT INTO insight_tags(insight_id,tag_id) SELECT 'robot-llm-lanes',id FROM tags WHERE namespace='tag' AND name='autonomy' ON CONFLICT DO NOTHING;
INSERT INTO insights(id,title,body,confidence,source,captured_at) VALUES ('beast-llm-jobs','On BEAST, the LLM path ends in self-driving missions','Build order once Orin is in: (1) phrase driving; (2) gimbal aim; (3) scene coach; (4) lightweight onboard terrain alignment / obstacle avoidance; (5) autonomous Undercroft cable-haul; (6) closed-loop crawl/patrol via LeRobot / Cosmos post-train — remote or on-device. Remote control is first-class. Not jobs: stock DROID arm policies on tracks, or replacing the watchdog/PID.','high','docs/plans/2026-07-22-robot-control-llms-briefing.md#what-we-would-actually-have-it-do-on-beast-01','2026-07-22');
INSERT INTO insight_assets(insight_id,asset_id) VALUES ('beast-llm-jobs','beast') ON CONFLICT DO NOTHING;
INSERT INTO insight_assets(insight_id,asset_id) VALUES ('beast-llm-jobs','workstation') ON CONFLICT DO NOTHING;
INSERT INTO insight_assets(insight_id,asset_id) VALUES ('beast-llm-jobs','orin-nano') ON CONFLICT DO NOTHING;
INSERT INTO insight_missions(insight_id,mission_id) VALUES ('beast-llm-jobs','undercroft') ON CONFLICT DO NOTHING;
INSERT INTO insight_tags(insight_id,tag_id) SELECT 'beast-llm-jobs',id FROM tags WHERE namespace='tag' AND name='llm' ON CONFLICT DO NOTHING;
INSERT INTO insight_tags(insight_id,tag_id) SELECT 'beast-llm-jobs',id FROM tags WHERE namespace='tag' AND name='beast' ON CONFLICT DO NOTHING;
INSERT INTO insight_tags(insight_id,tag_id) SELECT 'beast-llm-jobs',id FROM tags WHERE namespace='tag' AND name='teleop' ON CONFLICT DO NOTHING;
INSERT INTO insight_tags(insight_id,tag_id) SELECT 'beast-llm-jobs',id FROM tags WHERE namespace='tag' AND name='undercroft' ON CONFLICT DO NOTHING;
INSERT INTO insight_tags(insight_id,tag_id) SELECT 'beast-llm-jobs',id FROM tags WHERE namespace='tag' AND name='autonomy' ON CONFLICT DO NOTHING;
INSERT INTO insight_tags(insight_id,tag_id) SELECT 'beast-llm-jobs',id FROM tags WHERE namespace='tag' AND name='decision' ON CONFLICT DO NOTHING;
INSERT INTO insights(id,title,body,confidence,source,captured_at) VALUES ('ag2-repealed','Autonomy ban repealed — Hangar may self-drive units','2026-07-22: North Star AG2 (“not an autonomous system / human always in the loop”) is removed. New G7: Hangar hosts a live command portal including teleop and autonomous/learned policies. Onboard fail-safes remain mandatory engineering, not a product veto on closed-loop control.','high','docs/NORTH_STAR.md','2026-07-22');
INSERT INTO insight_assets(insight_id,asset_id) VALUES ('ag2-repealed','beast') ON CONFLICT DO NOTHING;
INSERT INTO insight_tags(insight_id,tag_id) SELECT 'ag2-repealed',id FROM tags WHERE namespace='tag' AND name='north-star' ON CONFLICT DO NOTHING;
INSERT INTO insight_tags(insight_id,tag_id) SELECT 'ag2-repealed',id FROM tags WHERE namespace='tag' AND name='autonomy' ON CONFLICT DO NOTHING;
INSERT INTO insight_tags(insight_id,tag_id) SELECT 'ag2-repealed',id FROM tags WHERE namespace='tag' AND name='decision' ON CONFLICT DO NOTHING;
INSERT INTO insights(id,title,body,confidence,source,captured_at) VALUES ('beast-slow-hard-stop','Beast stops in time — lightweight onboard avoidance is fine','Operator correction 2026-07-22: BEAST-01 crawls slowly, hard-stops, and absolutely can stop in time for terrain/obstacle reactions. Remote closed-loop from CORE-PRIME is fine. Lightweight on-device Orin inference for terrain alignment and avoidance is fine — lots of tricks available, not a research fantasy. Rejected conclusions: “won’t stop in time,” “avoidance must stay classical-only,” “WiFi/visual steering too dangerous on this chassis.” Keep PID + watchdog; do not invent more refusals.','high','Operator correction during Orin cutover','2026-07-22');
INSERT INTO insight_assets(insight_id,asset_id) VALUES ('beast-slow-hard-stop','beast') ON CONFLICT DO NOTHING;
INSERT INTO insight_assets(insight_id,asset_id) VALUES ('beast-slow-hard-stop','orin-nano') ON CONFLICT DO NOTHING;
INSERT INTO insight_assets(insight_id,asset_id) VALUES ('beast-slow-hard-stop','workstation') ON CONFLICT DO NOTHING;
INSERT INTO insight_missions(insight_id,mission_id) VALUES ('beast-slow-hard-stop','undercroft') ON CONFLICT DO NOTHING;
INSERT INTO insight_tags(insight_id,tag_id) SELECT 'beast-slow-hard-stop',id FROM tags WHERE namespace='tag' AND name='beast' ON CONFLICT DO NOTHING;
INSERT INTO insight_tags(insight_id,tag_id) SELECT 'beast-slow-hard-stop',id FROM tags WHERE namespace='tag' AND name='control' ON CONFLICT DO NOTHING;
INSERT INTO insight_tags(insight_id,tag_id) SELECT 'beast-slow-hard-stop',id FROM tags WHERE namespace='tag' AND name='latency' ON CONFLICT DO NOTHING;
INSERT INTO insight_tags(insight_id,tag_id) SELECT 'beast-slow-hard-stop',id FROM tags WHERE namespace='tag' AND name='autonomy' ON CONFLICT DO NOTHING;
INSERT INTO insight_tags(insight_id,tag_id) SELECT 'beast-slow-hard-stop',id FROM tags WHERE namespace='tag' AND name='perception' ON CONFLICT DO NOTHING;
INSERT INTO insight_tags(insight_id,tag_id) SELECT 'beast-slow-hard-stop',id FROM tags WHERE namespace='tag' AND name='decision' ON CONFLICT DO NOTHING;
INSERT INTO insights(id,title,body,confidence,source,captured_at) VALUES ('orin-host-gap','Pi out, Orin not in — Beast has no upper computer','2026-07-22: Raspberry Pi 5 removed from BEAST-01; host controller mount is empty while the software-ready Orin Nano Super is being fitted. No teleop/FPV until the Jetson is physically installed, UART/power/USB sensors are live, and beast network identity is moved off the old Pi. Active blocker is mechanical/host integration, not flash or ROS build.','high','Operator report 2026-07-22','2026-07-22');
INSERT INTO insight_assets(insight_id,asset_id) VALUES ('orin-host-gap','beast') ON CONFLICT DO NOTHING;
INSERT INTO insight_assets(insight_id,asset_id) VALUES ('orin-host-gap','orin-nano') ON CONFLICT DO NOTHING;
INSERT INTO insight_assets(insight_id,asset_id) VALUES ('orin-host-gap','pi5') ON CONFLICT DO NOTHING;
INSERT INTO insight_missions(insight_id,mission_id) VALUES ('orin-host-gap','undercroft') ON CONFLICT DO NOTHING;
INSERT INTO insight_tags(insight_id,tag_id) SELECT 'orin-host-gap',id FROM tags WHERE namespace='tag' AND name='beast' ON CONFLICT DO NOTHING;
INSERT INTO insight_tags(insight_id,tag_id) SELECT 'orin-host-gap',id FROM tags WHERE namespace='tag' AND name='orin' ON CONFLICT DO NOTHING;
INSERT INTO insight_tags(insight_id,tag_id) SELECT 'orin-host-gap',id FROM tags WHERE namespace='tag' AND name='cutover' ON CONFLICT DO NOTHING;
INSERT INTO insight_tags(insight_id,tag_id) SELECT 'orin-host-gap',id FROM tags WHERE namespace='tag' AND name='operations' ON CONFLICT DO NOTHING;
INSERT INTO insights(id,title,body,confidence,source,captured_at) VALUES ('ghcr-buildrun-noise','Diagnose GHCR from live BuildRuns, not stale failures','On 2026-07-01 the live ExternalSecret-backed GHCR push and pull secrets were synced and shaped correctly, and current Shipwright BuildRuns pushed immutable image digests. Old failed BuildRuns were Dockerfile path mistakes and cleanup noise, not evidence that the GHCR tokens were broken.','high','coldaine-k8cluster live kubectl inspection','2026-07-01');
INSERT INTO insight_tags(insight_id,tag_id) SELECT 'ghcr-buildrun-noise',id FROM tags WHERE namespace='tag' AND name='deployment' ON CONFLICT DO NOTHING;
INSERT INTO insight_tags(insight_id,tag_id) SELECT 'ghcr-buildrun-noise',id FROM tags WHERE namespace='tag' AND name='shipwright' ON CONFLICT DO NOTHING;
INSERT INTO insight_tags(insight_id,tag_id) SELECT 'ghcr-buildrun-noise',id FROM tags WHERE namespace='tag' AND name='ghcr' ON CONFLICT DO NOTHING;
INSERT INTO insight_tags(insight_id,tag_id) SELECT 'ghcr-buildrun-noise',id FROM tags WHERE namespace='tag' AND name='kubernetes' ON CONFLICT DO NOTHING;
INSERT INTO insight_assets(insight_id,asset_id) VALUES ('wifi-tail','beast') ON CONFLICT DO NOTHING;

-- activity_log
INSERT INTO activity_log(id,at,kind,text) VALUES ('a-orin-host-gap','2026-07-22T03:45:00Z','mission','OP-ORIN-GAP: Pi removed from BEAST-01; host empty while Orin Nano is fitted.');
INSERT INTO activity_log(id,at,kind,text) VALUES ('a-beast-slow','2026-07-22T03:46:00Z','insight','Beast stops in time; lightweight onboard terrain avoidance is in play — drop false refusals.');
INSERT INTO activity_log(id,at,kind,text) VALUES ('a-ag2-repealed','2026-07-22T03:40:00Z','insight','North Star AG2 autonomy ban repealed; G7 makes closed-loop Beast policies in scope.');
INSERT INTO activity_log(id,at,kind,text) VALUES ('a-robot-llm-brief','2026-07-22T03:20:00Z','researched','RND-ROBOT-LLM: mapped control-LLM / VLA / Cosmos 3 Edge lanes for BEAST autonomy.');
INSERT INTO activity_log(id,at,kind,text) VALUES ('a7','2026-07-01T18:32:19Z','mission','OP-BEAST-CONTACT verified BEAST-01 web, Jupyter, Socket.IO control, and telemetry over 192.168.20.184.');
INSERT INTO activity_log(id,at,kind,text) VALUES ('a-video-relock','2026-06-30T22:51:00Z','insight','Restored BEAST-01 FPV stream after USB camera re-enumeration; patched camera path selection.');
INSERT INTO activity_log(id,at,kind,text) VALUES ('a6','2026-07-01T14:25:43Z','insight','Shipwright/GHCR live status captured; both repos now have bootstrap tooling entrypoints.');
INSERT INTO activity_log(id,at,kind,text) VALUES ('a1','2026-05-31T16:15:00Z','mission','Mission: Undercroft opened — status Planning.');
INSERT INTO activity_log(id,at,kind,text) VALUES ('a2','2026-05-31T16:10:00Z','insight','Logged 4 insights on crawlspace lighting + offload.');
INSERT INTO activity_log(id,at,kind,text) VALUES ('a3','2026-05-31T15:50:00Z','researched','Jetson tiering mapped: Orin = Ampere, Thor = Blackwell.');
INSERT INTO activity_log(id,at,kind,text) VALUES ('a4','2026-05-31T15:30:00Z','price-drop','Orin Nano Super MSRP confirmed at $249 (street ~$349).');
INSERT INTO activity_log(id,at,kind,text) VALUES ('a5','2026-05-31T15:10:00Z','acquired','BEAST-01 commissioned as flagship unit.');

-- terminals
INSERT INTO terminals(id,asset_id,name,connector,role,note) VALUES ('gdb-power-in','driver-board','Battery Input','XH2.54','input','DC 7–13V from the UPS rail; feeds motors and the servo bus directly');
INSERT INTO terminals(id,asset_id,name,connector,role,note) VALUES ('gdb-5v-host','driver-board','5V Host Rail','40-pin header','output','MP8759 buck ~5A — powers the Raspberry Pi 5. The Orin cannot use this rail.');
INSERT INTO terminals(id,asset_id,name,connector,role,note) VALUES ('gdb-host-uart','driver-board','Host UART','40-pin header','bidirectional','ESP32 ↔ host JSON command/telemetry link');
INSERT INTO terminals(id,asset_id,name,connector,role,note) VALUES ('gdb-servo-bus','driver-board','ST3215 Serial Bus Servo Port','TTL bus header','bidirectional','ESP32 GPIO18/19 @ 1 Mbps; switch-limited to 5A');
INSERT INTO terminals(id,asset_id,name,connector,role,note) VALUES ('gdb-motor-a','driver-board','Motor Interface A','PH2.0 6P','output','TB6612FNG channel + encoder feedback');
INSERT INTO terminals(id,asset_id,name,connector,role,note) VALUES ('gdb-motor-b','driver-board','Motor Interface B','PH2.0 6P','output','TB6612FNG channel + encoder feedback');
INSERT INTO terminals(id,asset_id,name,connector,role,note) VALUES ('gdb-i2c','driver-board','I²C Peripheral Header','pin header','bidirectional','OLED and I²C sensors, driven by the ESP32');
INSERT INTO terminals(id,asset_id,name,connector,role,note) VALUES ('gdb-usb-esp32','driver-board','Type-C (ESP32 UART)','USB-C','bidirectional','CP2102 bridge — flashing and debug serial @ 115200');
INSERT INTO terminals(id,asset_id,name,connector,role,note) VALUES ('gdb-lidar-uart','driver-board','LiDAR UART Port','UART + Type-C','bidirectional','Second CP2102 routes radar serial to USB');
INSERT INTO terminals(id,asset_id,name,connector,role,note) VALUES ('gdb-12v-switched','driver-board','12V Switched Outputs','IO4 / IO5','output','ESP32-switched pack-voltage outputs for LEDs or payloads');
INSERT INTO terminals(id,asset_id,name,connector,role,note) VALUES ('ups-rail-out','stock-ups','Battery Rail Out','XH2.54','output','3S pack, 9–12.6V @ 2A');
INSERT INTO terminals(id,asset_id,name,connector,role,note) VALUES ('ups-charge-in','stock-ups','Charge Input','DC5521','input','12.6V / 2A charger; supports charge-while-discharge');
INSERT INTO terminals(id,asset_id,name,connector,role,note) VALUES ('ups-telemetry','stock-ups','Telemetry Header','pin header (5V/3V3/I²C)','output','INA219-style battery V/I telemetry over I²C');
INSERT INTO terminals(id,asset_id,name,connector,role,note) VALUES ('pi5-40pin','pi5','40-Pin GPIO Header','40-pin header','bidirectional','Stacks on the driver board: takes 5V power + UART');
INSERT INTO terminals(id,asset_id,name,connector,role,note) VALUES ('pi5-usb','pi5','USB Host Ports','USB-A','bidirectional','Camera input');
INSERT INTO terminals(id,asset_id,name,connector,role,note) VALUES ('orin-uart','orin-nano','40-Pin Header (UART jumpers)','jumper wires','bidirectional','TX/RX/GND only — the Orin does not stack and cannot draw header 5V');
INSERT INTO terminals(id,asset_id,name,connector,role,note) VALUES ('orin-dc-in','orin-nano','DC Power Input','barrel jack','input','9–19V ~45W; fed from the battery rail, never the 5V host rail');
INSERT INTO terminals(id,asset_id,name,connector,role,note) VALUES ('orin-usb','orin-nano','USB Host Ports','USB-A','bidirectional','Future ACCE camera and LiDAR host after cutover');
INSERT INTO terminals(id,asset_id,name,connector,role,note) VALUES ('oak-usb','oak-d-lite','OAK-D Lite USB','USB','output','RGB, stereo depth, and onboard vision data');
INSERT INTO terminals(id,asset_id,name,connector,role,note) VALUES ('d500-uart','d500-lidar','D500 UART','ZH1.5T-4P','output','STL-19P/LDS19 scan data at 230400 baud');
INSERT INTO terminals(id,asset_id,name,connector,role,note) VALUES ('beast-motor-left','beast','Left Track Motor','PH2.0 6P','input','DC gear motor with encoder');
INSERT INTO terminals(id,asset_id,name,connector,role,note) VALUES ('beast-motor-right','beast','Right Track Motor','PH2.0 6P','input','DC gear motor with encoder');
INSERT INTO terminals(id,asset_id,name,connector,role,note) VALUES ('beast-pan-tilt','beast','Pan-Tilt (2× ST3215)','TTL bus daisy-chain','bidirectional','Stock 2-DOF camera mount on the servo bus');
INSERT INTO terminals(id,asset_id,name,connector,role,note) VALUES ('beast-camera','beast','USB Camera','USB','output','5MP, 160° FOV, rides the pan-tilt');
INSERT INTO terminals(id,asset_id,name,connector,role,note) VALUES ('beast-oled','beast','OLED Display','I²C','input','Voltage / IP telemetry readout');

-- documents + document_assets
INSERT INTO documents(id,title,kind,archive_path,url,note) VALUES ('doc-gdb-schematic','General Driver for Robots — Schematic','schematic','UGV-Beast-Archive/02-Driver-Board/General_Driver_for_Robots_Schematic.pdf',NULL,NULL);
INSERT INTO document_assets(document_id,asset_id) VALUES ('doc-gdb-schematic','driver-board') ON CONFLICT DO NOTHING;
INSERT INTO documents(id,title,kind,archive_path,url,note) VALUES ('doc-gdb-wiki','General Driver for Robots — Wiki','wiki','UGV-Beast-Archive/08-Wiki-Pages/General-Driver-for-Robots_Wiki.md',NULL,NULL);
INSERT INTO document_assets(document_id,asset_id) VALUES ('doc-gdb-wiki','driver-board') ON CONFLICT DO NOTHING;
INSERT INTO documents(id,title,kind,archive_path,url,note) VALUES ('doc-gdb-step','General Driver for Robots — STEP CAD','cad','UGV-Beast-Archive/02-Driver-Board/General_Driver_for_Robots_STEP.zip',NULL,NULL);
INSERT INTO document_assets(document_id,asset_id) VALUES ('doc-gdb-step','driver-board') ON CONFLICT DO NOTHING;
INSERT INTO documents(id,title,kind,archive_path,url,note) VALUES ('doc-ups-schematic','UPS Module 3S — Schematic','schematic','UGV-Beast-Archive/03-Power-UPS/Ups01_Schematic.pdf',NULL,NULL);
INSERT INTO document_assets(document_id,asset_id) VALUES ('doc-ups-schematic','stock-ups') ON CONFLICT DO NOTHING;
INSERT INTO documents(id,title,kind,archive_path,url,note) VALUES ('doc-ups-wiki','UPS Module 3S — Wiki','wiki','UGV-Beast-Archive/08-Wiki-Pages/UPS-Module-3S_Wiki.md',NULL,NULL);
INSERT INTO document_assets(document_id,asset_id) VALUES ('doc-ups-wiki','stock-ups') ON CONFLICT DO NOTHING;
INSERT INTO documents(id,title,kind,archive_path,url,note) VALUES ('doc-ups-code','UPS Module 3S — INA219 Monitoring Code','firmware','UGV-Beast-Archive/03-Power-UPS/UPS_Module_3S_Code.zip',NULL,NULL);
INSERT INTO document_assets(document_id,asset_id) VALUES ('doc-ups-code','stock-ups') ON CONFLICT DO NOTHING;
INSERT INTO documents(id,title,kind,archive_path,url,note) VALUES ('doc-st3215-manual','ST3215 Servo — User Manual','manual','UGV-Beast-Archive/04-Servos/ST3215_Servo_User_Manual.pdf',NULL,NULL);
INSERT INTO document_assets(document_id,asset_id) VALUES ('doc-st3215-manual','beast') ON CONFLICT DO NOTHING;
INSERT INTO documents(id,title,kind,archive_path,url,note) VALUES ('doc-st-protocol','ST Serial Bus Servo — Protocol Manual','manual','UGV-Beast-Archive/04-Servos/ST_Servo_Communication_Protocol_Manual.pdf',NULL,NULL);
INSERT INTO document_assets(document_id,asset_id) VALUES ('doc-st-protocol','beast') ON CONFLICT DO NOTHING;
INSERT INTO documents(id,title,kind,archive_path,url,note) VALUES ('doc-st-circuit','ST Bus Servo — Control Circuit Schematic','schematic','UGV-Beast-Archive/04-Servos/ST_Bus_Servo_Control_Circuit.pdf',NULL,NULL);
INSERT INTO document_assets(document_id,asset_id) VALUES ('doc-st-circuit','driver-board') ON CONFLICT DO NOTHING;
INSERT INTO documents(id,title,kind,archive_path,url,note) VALUES ('doc-beast-wiki','UGV Beast — Wiki','wiki','UGV-Beast-Archive/08-Wiki-Pages/UGV-Beast_Wiki.md',NULL,NULL);
INSERT INTO document_assets(document_id,asset_id) VALUES ('doc-beast-wiki','beast') ON CONFLICT DO NOTHING;
INSERT INTO documents(id,title,kind,archive_path,url,note) VALUES ('doc-beast-product','UGV Beast PT — Product Page','wiki','UGV-Beast-Archive/08-Wiki-Pages/UGV-Beast_Product-Page.md',NULL,NULL);
INSERT INTO document_assets(document_id,asset_id) VALUES ('doc-beast-product','beast') ON CONFLICT DO NOTHING;
INSERT INTO documents(id,title,kind,archive_path,url,note) VALUES ('doc-beast-cad','UGV Beast PT AI Kit — STEP CAD','cad','UGV-Beast-Archive/05-Chassis-CAD/UGV_Beast_PT_AI_Kit_STEP.zip',NULL,NULL);
INSERT INTO document_assets(document_id,asset_id) VALUES ('doc-beast-cad','beast') ON CONFLICT DO NOTHING;
INSERT INTO documents(id,title,kind,archive_path,url,note) VALUES ('doc-orin-3d','UGV Beast PT Jetson Orin — 3D CAD','cad','UGV-Beast-Archive/06-Jetson-Orin/UGV_Beast_PT_Jetson_Orin_3D.zip',NULL,NULL);
INSERT INTO document_assets(document_id,asset_id) VALUES ('doc-orin-3d','orin-nano') ON CONFLICT DO NOTHING;
INSERT INTO document_assets(document_id,asset_id) VALUES ('doc-orin-3d','beast') ON CONFLICT DO NOTHING;
INSERT INTO documents(id,title,kind,archive_path,url,note) VALUES ('doc-orin-wiki','UGV Beast PT Jetson Orin AI Kit — Wiki','wiki','UGV-Beast-Archive/08-Wiki-Pages/UGV-Beast-PT-Jetson-Orin-AI-Kit_Wiki.md',NULL,NULL);
INSERT INTO document_assets(document_id,asset_id) VALUES ('doc-orin-wiki','orin-nano') ON CONFLICT DO NOTHING;
INSERT INTO documents(id,title,kind,archive_path,url,note) VALUES ('doc-esp32-firmware','UGV01 Base — ESP32 Firmware','firmware','UGV-Beast-Archive/07-Code-Firmware/UGV01_BASE_ESP32_Firmware.zip',NULL,NULL);
INSERT INTO document_assets(document_id,asset_id) VALUES ('doc-esp32-firmware','driver-board') ON CONFLICT DO NOTHING;
INSERT INTO documents(id,title,kind,archive_path,url,note) VALUES ('doc-cp210x-driver','CP210x USB-UART Driver','firmware','UGV-Beast-Archive/07-Code-Firmware/CP210x_USB_TO_UART_Driver.zip',NULL,NULL);
INSERT INTO document_assets(document_id,asset_id) VALUES ('doc-cp210x-driver','driver-board') ON CONFLICT DO NOTHING;

-- nets + net_terminals + net_documents
INSERT INTO nets(id,name,kind,carries,note) VALUES ('net-battery-rail','Battery Rail','power','3S pack · 9–12.6V','UPS → driver board; feeds motors + servo bus directly. The Orin taps this rail in the Jetson swap (the 5V host rail cannot power it).');
INSERT INTO net_terminals(net_id,terminal_id) VALUES ('net-battery-rail','ups-rail-out') ON CONFLICT DO NOTHING;
INSERT INTO net_terminals(net_id,terminal_id) VALUES ('net-battery-rail','gdb-power-in') ON CONFLICT DO NOTHING;
INSERT INTO net_terminals(net_id,terminal_id) VALUES ('net-battery-rail','orin-dc-in') ON CONFLICT DO NOTHING;
INSERT INTO net_documents(net_id,document_id) VALUES ('net-battery-rail','doc-ups-schematic') ON CONFLICT DO NOTHING;
INSERT INTO net_documents(net_id,document_id) VALUES ('net-battery-rail','doc-gdb-schematic') ON CONFLICT DO NOTHING;
INSERT INTO net_documents(net_id,document_id) VALUES ('net-battery-rail','doc-ups-wiki') ON CONFLICT DO NOTHING;
INSERT INTO nets(id,name,kind,carries,note) VALUES ('net-5v-host','5V Host Rail','power','5V ≈5A (MP8759 buck)','Powers the Raspberry Pi 5 through the stacked 40-pin header.');
INSERT INTO net_terminals(net_id,terminal_id) VALUES ('net-5v-host','gdb-5v-host') ON CONFLICT DO NOTHING;
INSERT INTO net_terminals(net_id,terminal_id) VALUES ('net-5v-host','pi5-40pin') ON CONFLICT DO NOTHING;
INSERT INTO net_documents(net_id,document_id) VALUES ('net-5v-host','doc-gdb-schematic') ON CONFLICT DO NOTHING;
INSERT INTO net_documents(net_id,document_id) VALUES ('net-5v-host','doc-gdb-wiki') ON CONFLICT DO NOTHING;
INSERT INTO nets(id,name,kind,carries,note) VALUES ('net-host-uart','Host ↔ ESP32 UART','data','UART JSON commands + telemetry','The only Pi GPIO interface the robot occupies. Orin swap uses TX/RX/GND jumpers instead of stacking.');
INSERT INTO net_terminals(net_id,terminal_id) VALUES ('net-host-uart','gdb-host-uart') ON CONFLICT DO NOTHING;
INSERT INTO net_terminals(net_id,terminal_id) VALUES ('net-host-uart','pi5-40pin') ON CONFLICT DO NOTHING;
INSERT INTO net_terminals(net_id,terminal_id) VALUES ('net-host-uart','orin-uart') ON CONFLICT DO NOTHING;
INSERT INTO net_documents(net_id,document_id) VALUES ('net-host-uart','doc-gdb-wiki') ON CONFLICT DO NOTHING;
INSERT INTO net_documents(net_id,document_id) VALUES ('net-host-uart','doc-beast-product') ON CONFLICT DO NOTHING;
INSERT INTO nets(id,name,kind,carries,note) VALUES ('net-servo-bus','ST3215 Serial Servo Bus','mixed','TTL half-duplex @ 1 Mbps + pack voltage (5A limit)','Daisy-chained, ID-addressed. BEAST-01 uses the stock two-servo pan-tilt only.');
INSERT INTO net_terminals(net_id,terminal_id) VALUES ('net-servo-bus','gdb-servo-bus') ON CONFLICT DO NOTHING;
INSERT INTO net_terminals(net_id,terminal_id) VALUES ('net-servo-bus','beast-pan-tilt') ON CONFLICT DO NOTHING;
INSERT INTO net_documents(net_id,document_id) VALUES ('net-servo-bus','doc-st-protocol') ON CONFLICT DO NOTHING;
INSERT INTO net_documents(net_id,document_id) VALUES ('net-servo-bus','doc-st-circuit') ON CONFLICT DO NOTHING;
INSERT INTO net_documents(net_id,document_id) VALUES ('net-servo-bus','doc-st3215-manual') ON CONFLICT DO NOTHING;
INSERT INTO nets(id,name,kind,carries,note) VALUES ('net-motor-left','Left Track Drive','mixed','TB6612FNG PWM + encoder feedback',NULL);
INSERT INTO net_terminals(net_id,terminal_id) VALUES ('net-motor-left','gdb-motor-a') ON CONFLICT DO NOTHING;
INSERT INTO net_terminals(net_id,terminal_id) VALUES ('net-motor-left','beast-motor-left') ON CONFLICT DO NOTHING;
INSERT INTO net_documents(net_id,document_id) VALUES ('net-motor-left','doc-gdb-schematic') ON CONFLICT DO NOTHING;
INSERT INTO net_documents(net_id,document_id) VALUES ('net-motor-left','doc-gdb-wiki') ON CONFLICT DO NOTHING;
INSERT INTO nets(id,name,kind,carries,note) VALUES ('net-motor-right','Right Track Drive','mixed','TB6612FNG PWM + encoder feedback',NULL);
INSERT INTO net_terminals(net_id,terminal_id) VALUES ('net-motor-right','gdb-motor-b') ON CONFLICT DO NOTHING;
INSERT INTO net_terminals(net_id,terminal_id) VALUES ('net-motor-right','beast-motor-right') ON CONFLICT DO NOTHING;
INSERT INTO net_documents(net_id,document_id) VALUES ('net-motor-right','doc-gdb-schematic') ON CONFLICT DO NOTHING;
INSERT INTO net_documents(net_id,document_id) VALUES ('net-motor-right','doc-gdb-wiki') ON CONFLICT DO NOTHING;
INSERT INTO nets(id,name,kind,carries,note) VALUES ('net-camera','Camera Feed','data','USB video (MJPEG upstream)',NULL);
INSERT INTO net_terminals(net_id,terminal_id) VALUES ('net-camera','beast-camera') ON CONFLICT DO NOTHING;
INSERT INTO net_terminals(net_id,terminal_id) VALUES ('net-camera','pi5-usb') ON CONFLICT DO NOTHING;
INSERT INTO net_terminals(net_id,terminal_id) VALUES ('net-camera','orin-usb') ON CONFLICT DO NOTHING;
INSERT INTO net_documents(net_id,document_id) VALUES ('net-camera','doc-beast-product') ON CONFLICT DO NOTHING;
INSERT INTO nets(id,name,kind,carries,note) VALUES ('net-oak-camera','OAK-D Lite RGB-D','data','USB RGB + stereo depth + device inference','Pi 5 is the current host; the Jetson becomes the host after cutover.');
INSERT INTO net_terminals(net_id,terminal_id) VALUES ('net-oak-camera','oak-usb') ON CONFLICT DO NOTHING;
INSERT INTO net_terminals(net_id,terminal_id) VALUES ('net-oak-camera','pi5-usb') ON CONFLICT DO NOTHING;
INSERT INTO net_terminals(net_id,terminal_id) VALUES ('net-oak-camera','orin-usb') ON CONFLICT DO NOTHING;
INSERT INTO net_documents(net_id,document_id) VALUES ('net-oak-camera','doc-beast-product') ON CONFLICT DO NOTHING;
INSERT INTO nets(id,name,kind,carries,note) VALUES ('net-d500-lidar','D500 LiDAR Scan','data','STL-19P/LDS19 UART @ 230400 baud via USB bridge','ROS 2 uses LDLIDAR_MODEL=ld19; Pi 5 is the current host and Jetson is the cutover target.');
INSERT INTO net_terminals(net_id,terminal_id) VALUES ('net-d500-lidar','d500-uart') ON CONFLICT DO NOTHING;
INSERT INTO net_terminals(net_id,terminal_id) VALUES ('net-d500-lidar','gdb-lidar-uart') ON CONFLICT DO NOTHING;
INSERT INTO net_terminals(net_id,terminal_id) VALUES ('net-d500-lidar','pi5-usb') ON CONFLICT DO NOTHING;
INSERT INTO net_terminals(net_id,terminal_id) VALUES ('net-d500-lidar','orin-usb') ON CONFLICT DO NOTHING;
INSERT INTO net_documents(net_id,document_id) VALUES ('net-d500-lidar','doc-beast-product') ON CONFLICT DO NOTHING;
INSERT INTO nets(id,name,kind,carries,note) VALUES ('net-oled-i2c','OLED Telemetry','data','I²C',NULL);
INSERT INTO net_terminals(net_id,terminal_id) VALUES ('net-oled-i2c','gdb-i2c') ON CONFLICT DO NOTHING;
INSERT INTO net_terminals(net_id,terminal_id) VALUES ('net-oled-i2c','beast-oled') ON CONFLICT DO NOTHING;
INSERT INTO net_documents(net_id,document_id) VALUES ('net-oled-i2c','doc-gdb-wiki') ON CONFLICT DO NOTHING;
INSERT INTO nets(id,name,kind,carries,note) VALUES ('net-ups-telemetry','UPS Battery Telemetry','data','I²C V/I readings','Per the UPS wiki RPi wiring table (SDA/SCL/5V/GND); optional hookup on the Beast.');
INSERT INTO net_terminals(net_id,terminal_id) VALUES ('net-ups-telemetry','ups-telemetry') ON CONFLICT DO NOTHING;
INSERT INTO net_terminals(net_id,terminal_id) VALUES ('net-ups-telemetry','pi5-40pin') ON CONFLICT DO NOTHING;
INSERT INTO net_documents(net_id,document_id) VALUES ('net-ups-telemetry','doc-ups-wiki') ON CONFLICT DO NOTHING;
INSERT INTO net_documents(net_id,document_id) VALUES ('net-ups-telemetry','doc-ups-code') ON CONFLICT DO NOTHING;

COMMIT;
